Sample Name/Number;Species Name;Image File Name;Collection Date (DD/MM/YYYY);Sample Station;Location;Latitude;Longitude;Determiner;Sex;Other Notes;Max Feret Diameter;Perimeter;Area;Holes;Area+Holes;Exposure Time (µs);Framerate (FPS);Light Intensity (%);Aperture;Image Path;Operator Name;Date (DD/MM/YYYY HH:MM);ROI (left);ROI (top);ROI (right);ROI (bottom)
#0000_0;Test Sample;2_#0000_0_2021_09_23-15-43-10-792.PNG;24/06/2016;Station...;Location...;56.149375;10.212404;Name...;NaN;;672;3253;19563;3772;23335;2000;50;100;3,8;\images\Expo_2000_Ap_3.8\Test Sample\#0000\#0000_0;MRJ;23/09/2021 15:43:10;0;21;496;733
#0000_0;Test Sample;2_#0000_0_2021_09_23-15-43-10-851.PNG;24/06/2016;Station...;Location...;56.149375;10.212404;Name...;NaN;;685;3405;19929;3484;23413;2000;50;100;3,8;\images\Expo_2000_Ap_3.8\Test Sample\#0000\#0000_0;MRJ;23/09/2021 15:43:11;0;8;496;733
#0000_0;Test Sample;1_#0000_0_2021_09_23-15-43-11-261.PNG;24/06/2016;Station...;Location...;56.149375;10.212404;Name...;NaN;;80;224;604;0;604;2000;50;100;3,8;\images\Expo_2000_Ap_3.8\Test Sample\#0000\#0000_0;MRJ;23/09/2021 15:43:11;0;572;496;1068
#0000_0;Test Sample;2_#0000_0_2021_09_23-15-43-10-892.PNG;24/06/2016;Station...;Location...;56.149375;10.212404;Name...;NaN;;613;3641;19323;3136;22459;2000;50;100;3,8;\images\Expo_2000_Ap_3.8\Test Sample\#0000\#0000_0;MRJ;23/09/2021 15:43:11;0;82;496;733
#0000_0;Test Sample;1_#0000_0_2021_09_23-15-43-11-287.PNG;24/06/2016;Station...;Location...;56.149375;10.212404;Name...;NaN;;80;224;604;0;604;2000;50;100;3,8;\images\Expo_2000_Ap_3.8\Test Sample\#0000\#0000_0;MRJ;23/09/2021 15:43:11;0;572;496;1068
#0000_0;Test Sample;2_#0000_0_2021_09_23-15-43-10-940.PNG;24/06/2016;Station...;Location...;56.149375;10.212404;Name...;NaN;;653;3174;19529;3949;23478;2000;50;100;3,8;\images\Expo_2000_Ap_3.8\Test Sample\#0000\#0000_0;MRJ;23/09/2021 15:43:11;0;40;496;733
#0000_0;Test Sample;1_#0000_0_2021_09_23-15-43-11-311.PNG;24/06/2016;Station...;Location...;56.149375;10.212404;Name...;NaN;;127;467;1206;100;1306;2000;50;100;3,8;\images\Expo_2000_Ap_3.8\Test Sample\#0000\#0000_0;MRJ;23/09/2021 15:43:11;0;520;496;1016
#0000_0;Test Sample;2_#0000_0_2021_09_23-15-43-10-966.PNG;24/06/2016;Station...;Location...;56.149375;10.212404;Name...;NaN;;670;3325;19581;3847;23428;2000;50;100;3,8;\images\Expo_2000_Ap_3.8\Test Sample\#0000\#0000_0;MRJ;23/09/2021 15:43:11;0;23;496;733
#0000_0;Test Sample;1_#0000_0_2021_09_23-15-43-11-340.PNG;24/06/2016;Station...;Location...;56.149375;10.212404;Name...;NaN;;127;467;1206;100;1306;2000;50;100;3,8;\images\Expo_2000_Ap_3.8\Test Sample\#0000\#0000_0;MRJ;23/09/2021 15:43:12;0;520;496;1016
#0000_0;Test Sample;2_#0000_0_2021_09_23-15-43-11-009.PNG;24/06/2016;Station...;Location...;56.149375;10.212404;Name...;NaN;;584;3306;18891;3211;22102;2000;50;100;3,8;\images\Expo_2000_Ap_3.8\Test Sample\#0000\#0000_0;MRJ;23/09/2021 15:43:12;0;109;496;733
#0000_0;Test Sample;1_#0000_0_2021_09_23-15-43-11-368.PNG;24/06/2016;Station...;Location...;56.149375;10.212404;Name...;NaN;;628;3307;13666;1343;15009;2000;50;100;3,8;\images\Expo_2000_Ap_3.8\Test Sample\#0000\#0000_0;MRJ;23/09/2021 15:43:12;0;189;496;848
#0000_0;Test Sample;2_#0000_0_2021_09_23-15-43-11-032.PNG;24/06/2016;Station...;Location...;56.149375;10.212404;Name...;NaN;;605;3164;19551;4160;23711;2000;50;100;3,8;\images\Expo_2000_Ap_3.8\Test Sample\#0000\#0000_0;MRJ;23/09/2021 15:43:12;0;88;496;733
#0000_0;Test Sample;1_#0000_0_2021_09_23-15-43-11-396.PNG;24/06/2016;Station...;Location...;56.149375;10.212404;Name...;NaN;;628;3307;13666;1343;15009;2000;50;100;3,8;\images\Expo_2000_Ap_3.8\Test Sample\#0000\#0000_0;MRJ;23/09/2021 15:43:12;0;189;496;848
#0000_0;Test Sample;2_#0000_0_2021_09_23-15-43-11-071.PNG;24/06/2016;Station...;Location...;56.149375;10.212404;Name...;NaN;;674;4081;20570;3454;24024;2000;50;100;3,8;\images\Expo_2000_Ap_3.8\Test Sample\#0000\#0000_0;MRJ;23/09/2021 15:43:12;0;28;496;742
#0000_0;Test Sample;1_#0000_0_2021_09_23-15-43-11-540.PNG;24/06/2016;Station...;Location...;56.149375;10.212404;Name...;NaN;;227;486;938;0;938;2000;50;100;3,8;\images\Expo_2000_Ap_3.8\Test Sample\#0000\#0000_0;MRJ;23/09/2021 15:43:12;0;365;496;861
#0000_0;Test Sample;2_#0000_0_2021_09_23-15-43-11-109.PNG;24/06/2016;Station...;Location...;56.149375;10.212404;Name...;NaN;;664;3260;19285;4600;23885;2000;50;100;3,8;\images\Expo_2000_Ap_3.8\Test Sample\#0000\#0000_0;MRJ;23/09/2021 15:43:12;0;27;496;730
#0000_0;Test Sample;1_#0000_0_2021_09_23-15-43-11-564.PNG;24/06/2016;Station...;Location...;56.149375;10.212404;Name...;NaN;;227;486;938;0;938;2000;50;100;3,8;\images\Expo_2000_Ap_3.8\Test Sample\#0000\#0000_0;MRJ;23/09/2021 15:43:12;0;365;496;861
#0000_0;Test Sample;2_#0000_0_2021_09_23-15-43-11-132.PNG;24/06/2016;Station...;Location...;56.149375;10.212404;Name...;NaN;;468;2294;15869;3399;19268;2000;50;100;3,8;\images\Expo_2000_Ap_3.8\Test Sample\#0000\#0000_0;MRJ;23/09/2021 15:43:12;0;223;496;745
#0000_0;Test Sample;2_#0000_0_2021_09_23-15-43-11-155.PNG;24/06/2016;Station...;Location...;56.149375;10.212404;Name...;NaN;;538;2889;17236;3614;20850;2000;50;100;3,8;\images\Expo_2000_Ap_3.8\Test Sample\#0000\#0000_0;MRJ;23/09/2021 15:43:12;0;155;496;730
#0000_0;Test Sample;2_#0000_0_2021_09_23-15-43-11-180.PNG;24/06/2016;Station...;Location...;56.149375;10.212404;Name...;NaN;;672;3587;19238;3736;22974;2000;50;100;3,8;\images\Expo_2000_Ap_3.8\Test Sample\#0000\#0000_0;MRJ;23/09/2021 15:43:13;0;23;496;733
#0000_0;Test Sample;2_#0000_0_2021_09_23-15-43-11-208.PNG;24/06/2016;Station...;Location...;56.149375;10.212404;Name...;NaN;;594;3143;18689;3564;22253;2000;50;100;3,8;\images\Expo_2000_Ap_3.8\Test Sample\#0000\#0000_0;MRJ;23/09/2021 15:43:13;0;98;496;732
#0000_0;Test Sample;2_#0000_0_2021_09_23-15-43-11-245.PNG;24/06/2016;Station...;Location...;56.149375;10.212404;Name...;NaN;;71;362;893;51;944;2000;50;100;3,8;\images\Expo_2000_Ap_3.8\Test Sample\#0000\#0000_0;MRJ;23/09/2021 15:43:13;0;367;496;863
#0000_0;Test Sample;2_#0000_0_2021_09_23-15-43-11-325.PNG;24/06/2016;Station...;Location...;56.149375;10.212404;Name...;NaN;;93;201;512;4;516;2000;50;100;3,8;\images\Expo_2000_Ap_3.8\Test Sample\#0000\#0000_0;MRJ;23/09/2021 15:43:13;0;458;496;954
#0000_0;Test Sample;2_#0000_0_2021_09_23-15-43-11-409.PNG;24/06/2016;Station...;Location...;56.149375;10.212404;Name...;NaN;;105;243;972;0;972;2000;50;100;3,8;\images\Expo_2000_Ap_3.8\Test Sample\#0000\#0000_0;MRJ;23/09/2021 15:43:13;0;456;496;952
#0000_0;Test Sample;2_#0000_0_2021_09_23-15-43-11-750.PNG;24/06/2016;Station...;Location...;56.149375;10.212404;Name...;NaN;;557;3115;14257;2135;16392;2000;50;100;3,8;\images\Expo_2000_Ap_3.8\Test Sample\#0000\#0000_0;MRJ;23/09/2021 15:43:14;0;138;496;735
#0000_0;Test Sample;2_#0000_0_2021_09_23-15-43-12-680.PNG;24/06/2016;Station...;Location...;56.149375;10.212404;Name...;NaN;;133;592;2081;309;2390;2000;50;100;3,8;\images\Expo_2000_Ap_3.8\Test Sample\#0000\#0000_0;MRJ;23/09/2021 15:43:14;0;380;496;876
#0000_0;Test Sample;1_#0000_0_2021_09_23-15-43-14-910.PNG;24/06/2016;Station...;Location...;56.149375;10.212404;Name...;NaN;;365;791;1845;1;1846;2000;50;100;3,8;\images\Expo_2000_Ap_3.8\Test Sample\#0000\#0000_0;MRJ;23/09/2021 15:43:15;0;399;496;895
#0000_0;Test Sample;2_#0000_0_2021_09_23-15-43-15-123.PNG;24/06/2016;Station...;Location...;56.149375;10.212404;Name...;NaN;;96;463;1059;100;1159;2000;50;100;3,8;\images\Expo_2000_Ap_3.8\Test Sample\#0000\#0000_0;MRJ;23/09/2021 15:43:15;0;414;496;910
#0000_0;Test Sample;1_#0000_0_2021_09_23-15-43-14-931.PNG;24/06/2016;Station...;Location...;56.149375;10.212404;Name...;NaN;;365;791;1845;1;1846;2000;50;100;3,8;\images\Expo_2000_Ap_3.8\Test Sample\#0000\#0000_0;MRJ;23/09/2021 15:43:15;0;399;496;895
#0000_0;Test Sample;1_#0000_0_2021_09_23-15-43-15-587.PNG;24/06/2016;Station...;Location...;56.149375;10.212404;Name...;NaN;;82;176;506;1;507;2000;50;100;3,8;\images\Expo_2000_Ap_3.8\Test Sample\#0000\#0000_0;MRJ;23/09/2021 15:43:15;0;575;496;1071
#0000_0;Test Sample;1_#0000_0_2021_09_23-15-43-15-611.PNG;24/06/2016;Station...;Location...;56.149375;10.212404;Name...;NaN;;82;176;506;1;507;2000;50;100;3,8;\images\Expo_2000_Ap_3.8\Test Sample\#0000\#0000_0;MRJ;23/09/2021 15:43:15;0;575;496;1071
#0000_0;Test Sample;1_#0000_0_2021_09_23-15-43-16-912.PNG;24/06/2016;Station...;Location...;56.149375;10.212404;Name...;NaN;;322;666;1018;0;1018;2000;50;100;3,8;\images\Expo_2000_Ap_3.8\Test Sample\#0000\#0000_0;MRJ;23/09/2021 15:43:16;0;408;496;904
#0000_0;Test Sample;2_#0000_0_2021_09_23-15-43-17-068.PNG;24/06/2016;Station...;Location...;56.149375;10.212404;Name...;NaN;;520;2320;9802;1361;11163;2000;50;100;3,8;\images\Expo_2000_Ap_3.8\Test Sample\#0000\#0000_0;MRJ;23/09/2021 15:43:17;0;173;496;733
#0000_0;Test Sample;1_#0000_0_2021_09_23-15-43-16-943.PNG;24/06/2016;Station...;Location...;56.149375;10.212404;Name...;NaN;;322;666;1018;0;1018;2000;50;100;3,8;\images\Expo_2000_Ap_3.8\Test Sample\#0000\#0000_0;MRJ;23/09/2021 15:43:17;0;408;496;904
#0000_0;Test Sample;2_#0000_0_2021_09_23-15-43-17-102.PNG;24/06/2016;Station...;Location...;56.149375;10.212404;Name...;NaN;;308;1320;5484;856;6340;2000;50;100;3,8;\images\Expo_2000_Ap_3.8\Test Sample\#0000\#0000_0;MRJ;23/09/2021 15:43:17;0;316;496;812
#0000_0;Test Sample;1_#0000_0_2021_09_23-15-43-17-021.PNG;24/06/2016;Station...;Location...;56.149375;10.212404;Name...;NaN;;353;730;1176;0;1176;2000;50;100;3,8;\images\Expo_2000_Ap_3.8\Test Sample\#0000\#0000_0;MRJ;23/09/2021 15:43:17;0;37;496;533
#0000_0;Test Sample;2_#0000_0_2021_09_23-15-43-17-137.PNG;24/06/2016;Station...;Location...;56.149375;10.212404;Name...;NaN;;224;944;3651;631;4282;2000;50;100;3,8;\images\Expo_2000_Ap_3.8\Test Sample\#0000\#0000_0;MRJ;23/09/2021 15:43:17;0;354;496;850
#0000_0;Test Sample;1_#0000_0_2021_09_23-15-43-17-052.PNG;24/06/2016;Station...;Location...;56.149375;10.212404;Name...;NaN;;353;730;1176;0;1176;2000;50;100;3,8;\images\Expo_2000_Ap_3.8\Test Sample\#0000\#0000_0;MRJ;23/09/2021 15:43:17;0;37;496;533
#0000_0;Test Sample;2_#0000_0_2021_09_23-15-43-17-165.PNG;24/06/2016;Station...;Location...;56.149375;10.212404;Name...;NaN;;212;900;2763;363;3126;2000;50;100;3,8;\images\Expo_2000_Ap_3.8\Test Sample\#0000\#0000_0;MRJ;23/09/2021 15:43:18;0;375;496;871
#0000_0;Test Sample;1_#0000_0_2021_09_23-15-43-17-082.PNG;24/06/2016;Station...;Location...;56.149375;10.212404;Name...;NaN;;353;730;1184;0;1184;2000;50;100;3,8;\images\Expo_2000_Ap_3.8\Test Sample\#0000\#0000_0;MRJ;23/09/2021 15:43:18;0;37;496;533
#0000_0;Test Sample;2_#0000_0_2021_09_23-15-43-17-192.PNG;24/06/2016;Station...;Location...;56.149375;10.212404;Name...;NaN;;132;512;1568;235;1803;2000;50;100;3,8;\images\Expo_2000_Ap_3.8\Test Sample\#0000\#0000_0;MRJ;23/09/2021 15:43:18;0;385;496;881
#0000_0;Test Sample;1_#0000_0_2021_09_23-15-43-17-118.PNG;24/06/2016;Station...;Location...;56.149375;10.212404;Name...;NaN;;353;730;1184;0;1184;2000;50;100;3,8;\images\Expo_2000_Ap_3.8\Test Sample\#0000\#0000_0;MRJ;23/09/2021 15:43:18;0;37;496;533
#0000_0;Test Sample;2_#0000_0_2021_09_23-15-43-17-220.PNG;24/06/2016;Station...;Location...;56.149375;10.212404;Name...;NaN;;89;251;570;6;576;2000;50;100;3,8;\images\Expo_2000_Ap_3.8\Test Sample\#0000\#0000_0;MRJ;23/09/2021 15:43:18;0;165;496;661
#0000_0;Test Sample;1_#0000_0_2021_09_23-15-43-17-251.PNG;24/06/2016;Station...;Location...;56.149375;10.212404;Name...;NaN;;420;873;1447;0;1447;2000;50;100;3,8;\images\Expo_2000_Ap_3.8\Test Sample\#0000\#0000_0;MRJ;23/09/2021 15:43:19;0;3;496;499
#0000_0;Test Sample;1_#0000_0_2021_09_23-15-43-17-275.PNG;24/06/2016;Station...;Location...;56.149375;10.212404;Name...;NaN;;420;873;1447;0;1447;2000;50;100;3,8;\images\Expo_2000_Ap_3.8\Test Sample\#0000\#0000_0;MRJ;23/09/2021 15:43:19;0;3;496;499
#0000_0;Test Sample;1_#0000_0_2021_09_23-15-43-17-339.PNG;24/06/2016;Station...;Location...;56.149375;10.212404;Name...;NaN;;361;746;1217;0;1217;2000;50;100;3,8;\images\Expo_2000_Ap_3.8\Test Sample\#0000\#0000_0;MRJ;23/09/2021 15:43:19;0;390;496;886
#0000_0;Test Sample;1_#0000_0_2021_09_23-15-43-17-370.PNG;24/06/2016;Station...;Location...;56.149375;10.212404;Name...;NaN;;361;746;1217;0;1217;2000;50;100;3,8;\images\Expo_2000_Ap_3.8\Test Sample\#0000\#0000_0;MRJ;23/09/2021 15:43:19;0;390;496;886
#0000_0;Test Sample;1_#0000_0_2021_09_23-15-43-17-446.PNG;24/06/2016;Station...;Location...;56.149375;10.212404;Name...;NaN;;459;955;1561;0;1561;2000;50;100;3,8;\images\Expo_2000_Ap_3.8\Test Sample\#0000\#0000_0;MRJ;23/09/2021 15:43:19;0;21;496;520
#0000_0;Test Sample;1_#0000_0_2021_09_23-15-43-17-479.PNG;24/06/2016;Station...;Location...;56.149375;10.212404;Name...;NaN;;459;955;1561;0;1561;2000;50;100;3,8;\images\Expo_2000_Ap_3.8\Test Sample\#0000\#0000_0;MRJ;23/09/2021 15:43:20;0;21;496;520
#0000_0;Test Sample;1_#0000_0_2021_09_23-15-43-17-595.PNG;24/06/2016;Station...;Location...;56.149375;10.212404;Name...;NaN;;421;876;1409;0;1409;2000;50;100;3,8;\images\Expo_2000_Ap_3.8\Test Sample\#0000\#0000_0;MRJ;23/09/2021 15:43:20;0;6;496;502
#0000_0;Test Sample;1_#0000_0_2021_09_23-15-43-17-622.PNG;24/06/2016;Station...;Location...;56.149375;10.212404;Name...;NaN;;421;876;1409;0;1409;2000;50;100;3,8;\images\Expo_2000_Ap_3.8\Test Sample\#0000\#0000_0;MRJ;23/09/2021 15:43:20;0;6;496;502
#0000_0;Test Sample;1_#0000_0_2021_09_23-15-43-17-650.PNG;24/06/2016;Station...;Location...;56.149375;10.212404;Name...;NaN;;421;880;1367;0;1367;2000;50;100;3,8;\images\Expo_2000_Ap_3.8\Test Sample\#0000\#0000_0;MRJ;23/09/2021 15:43:20;0;4;496;500
#0000_0;Test Sample;1_#0000_0_2021_09_23-15-43-17-674.PNG;24/06/2016;Station...;Location...;56.149375;10.212404;Name...;NaN;;421;880;1367;0;1367;2000;50;100;3,8;\images\Expo_2000_Ap_3.8\Test Sample\#0000\#0000_0;MRJ;23/09/2021 15:43:21;0;4;496;500
#0000_0;Test Sample;1_#0000_0_2021_09_23-15-43-17-700.PNG;24/06/2016;Station...;Location...;56.149375;10.212404;Name...;NaN;;361;749;1185;0;1185;2000;50;100;3,8;\images\Expo_2000_Ap_3.8\Test Sample\#0000\#0000_0;MRJ;23/09/2021 15:43:21;0;388;496;884
#0000_0;Test Sample;1_#0000_0_2021_09_23-15-43-17-726.PNG;24/06/2016;Station...;Location...;56.149375;10.212404;Name...;NaN;;361;749;1185;0;1185;2000;50;100;3,8;\images\Expo_2000_Ap_3.8\Test Sample\#0000\#0000_0;MRJ;23/09/2021 15:43:21;0;388;496;884
#0000_0;Test Sample;1_#0000_0_2021_09_23-15-43-17-791.PNG;24/06/2016;Station...;Location...;56.149375;10.212404;Name...;NaN;;521;1076;1684;0;1684;2000;50;100;3,8;\images\Expo_2000_Ap_3.8\Test Sample\#0000\#0000_0;MRJ;23/09/2021 15:43:21;0;282;496;843
#0000_0;Test Sample;1_#0000_0_2021_09_23-15-43-17-812.PNG;24/06/2016;Station...;Location...;56.149375;10.212404;Name...;NaN;;521;1076;1684;0;1684;2000;50;100;3,8;\images\Expo_2000_Ap_3.8\Test Sample\#0000\#0000_0;MRJ;23/09/2021 15:43:21;0;282;496;843
#0000_0;Test Sample;1_#0000_0_2021_09_23-15-43-17-893.PNG;24/06/2016;Station...;Location...;56.149375;10.212404;Name...;NaN;;361;749;1149;0;1149;2000;50;100;3,8;\images\Expo_2000_Ap_3.8\Test Sample\#0000\#0000_0;MRJ;23/09/2021 15:43:22;0;391;496;887
#0000_0;Test Sample;1_#0000_0_2021_09_23-15-43-17-912.PNG;24/06/2016;Station...;Location...;56.149375;10.212404;Name...;NaN;;361;749;1149;0;1149;2000;50;100;3,8;\images\Expo_2000_Ap_3.8\Test Sample\#0000\#0000_0;MRJ;23/09/2021 15:43:22;0;391;496;887
#0000_0;Test Sample;1_#0000_0_2021_09_23-15-43-17-933.PNG;24/06/2016;Station...;Location...;56.149375;10.212404;Name...;NaN;;360;745;1143;0;1143;2000;50;100;3,8;\images\Expo_2000_Ap_3.8\Test Sample\#0000\#0000_0;MRJ;23/09/2021 15:43:22;0;391;496;887
#0000_0;Test Sample;1_#0000_0_2021_09_23-15-43-17-952.PNG;24/06/2016;Station...;Location...;56.149375;10.212404;Name...;NaN;;360;745;1143;0;1143;2000;50;100;3,8;\images\Expo_2000_Ap_3.8\Test Sample\#0000\#0000_0;MRJ;23/09/2021 15:43:22;0;391;496;887
#0000_0;Test Sample;1_#0000_0_2021_09_23-15-43-17-972.PNG;24/06/2016;Station...;Location...;56.149375;10.212404;Name...;NaN;;420;870;1325;0;1325;2000;50;100;3,8;\images\Expo_2000_Ap_3.8\Test Sample\#0000\#0000_0;MRJ;23/09/2021 15:43:22;0;1;496;497
#0000_0;Test Sample;1_#0000_0_2021_09_23-15-43-17-992.PNG;24/06/2016;Station...;Location...;56.149375;10.212404;Name...;NaN;;420;870;1325;0;1325;2000;50;100;3,8;\images\Expo_2000_Ap_3.8\Test Sample\#0000\#0000_0;MRJ;23/09/2021 15:43:23;0;1;496;497
#0000_0;Test Sample;1_#0000_0_2021_09_23-15-43-18-039.PNG;24/06/2016;Station...;Location...;56.149375;10.212404;Name...;NaN;;287;596;898;1;899;2000;50;100;3,8;\images\Expo_2000_Ap_3.8\Test Sample\#0000\#0000_0;MRJ;23/09/2021 15:43:23;0;72;496;568
#0000_0;Test Sample;1_#0000_0_2021_09_23-15-43-18-061.PNG;24/06/2016;Station...;Location...;56.149375;10.212404;Name...;NaN;;287;596;898;1;899;2000;50;100;3,8;\images\Expo_2000_Ap_3.8\Test Sample\#0000\#0000_0;MRJ;23/09/2021 15:43:23;0;72;496;568
#0000_0;Test Sample;1_#0000_0_2021_09_23-15-43-18-083.PNG;24/06/2016;Station...;Location...;56.149375;10.212404;Name...;NaN;;340;709;1087;0;1087;2000;50;100;3,8;\images\Expo_2000_Ap_3.8\Test Sample\#0000\#0000_0;MRJ;23/09/2021 15:43:23;0;382;496;878
#0000_0;Test Sample;1_#0000_0_2021_09_23-15-43-18-103.PNG;24/06/2016;Station...;Location...;56.149375;10.212404;Name...;NaN;;340;709;1087;0;1087;2000;50;100;3,8;\images\Expo_2000_Ap_3.8\Test Sample\#0000\#0000_0;MRJ;23/09/2021 15:43:23;0;382;496;878
#0000_0;Test Sample;1_#0000_0_2021_09_23-15-43-18-125.PNG;24/06/2016;Station...;Location...;56.149375;10.212404;Name...;NaN;;360;744;1118;0;1118;2000;50;100;3,8;\images\Expo_2000_Ap_3.8\Test Sample\#0000\#0000_0;MRJ;23/09/2021 15:43:23;0;387;496;883
#0000_0;Test Sample;1_#0000_0_2021_09_23-15-43-18-146.PNG;24/06/2016;Station...;Location...;56.149375;10.212404;Name...;NaN;;360;744;1118;0;1118;2000;50;100;3,8;\images\Expo_2000_Ap_3.8\Test Sample\#0000\#0000_0;MRJ;23/09/2021 15:43:24;0;387;496;883
#0000_0;Test Sample;1_#0000_0_2021_09_23-15-43-18-168.PNG;24/06/2016;Station...;Location...;56.149375;10.212404;Name...;NaN;;359;741;1107;0;1107;2000;50;100;3,8;\images\Expo_2000_Ap_3.8\Test Sample\#0000\#0000_0;MRJ;23/09/2021 15:43:24;0;387;496;883
#0000_0;Test Sample;1_#0000_0_2021_09_23-15-43-18-189.PNG;24/06/2016;Station...;Location...;56.149375;10.212404;Name...;NaN;;359;741;1107;0;1107;2000;50;100;3,8;\images\Expo_2000_Ap_3.8\Test Sample\#0000\#0000_0;MRJ;23/09/2021 15:43:24;0;387;496;883
#0000_0;Test Sample;1_#0000_0_2021_09_23-15-43-18-213.PNG;24/06/2016;Station...;Location...;56.149375;10.212404;Name...;NaN;;420;871;1307;0;1307;2000;50;100;3,8;\images\Expo_2000_Ap_3.8\Test Sample\#0000\#0000_0;MRJ;23/09/2021 15:43:24;0;4;496;500
#0000_0;Test Sample;1_#0000_0_2021_09_23-15-43-18-234.PNG;24/06/2016;Station...;Location...;56.149375;10.212404;Name...;NaN;;420;871;1307;0;1307;2000;50;100;3,8;\images\Expo_2000_Ap_3.8\Test Sample\#0000\#0000_0;MRJ;23/09/2021 15:43:24;0;4;496;500
#0000_0;Test Sample;1_#0000_0_2021_09_23-15-43-18-255.PNG;24/06/2016;Station...;Location...;56.149375;10.212404;Name...;NaN;;334;692;1060;0;1060;2000;50;100;3,8;\images\Expo_2000_Ap_3.8\Test Sample\#0000\#0000_0;MRJ;23/09/2021 15:43:24;0;379;496;875
#0000_0;Test Sample;1_#0000_0_2021_09_23-15-43-18-277.PNG;24/06/2016;Station...;Location...;56.149375;10.212404;Name...;NaN;;334;692;1060;0;1060;2000;50;100;3,8;\images\Expo_2000_Ap_3.8\Test Sample\#0000\#0000_0;MRJ;23/09/2021 15:43:24;0;379;496;875
#0000_0;Test Sample;1_#0000_0_2021_09_23-15-43-18-298.PNG;24/06/2016;Station...;Location...;56.149375;10.212404;Name...;NaN;;340;706;1051;0;1051;2000;50;100;3,8;\images\Expo_2000_Ap_3.8\Test Sample\#0000\#0000_0;MRJ;23/09/2021 15:43:24;0;382;496;878
#0000_0;Test Sample;1_#0000_0_2021_09_23-15-43-18-319.PNG;24/06/2016;Station...;Location...;56.149375;10.212404;Name...;NaN;;340;706;1051;0;1051;2000;50;100;3,8;\images\Expo_2000_Ap_3.8\Test Sample\#0000\#0000_0;MRJ;23/09/2021 15:43:25;0;382;496;878
#0000_0;Test Sample;1_#0000_0_2021_09_23-15-43-18-374.PNG;24/06/2016;Station...;Location...;56.149375;10.212404;Name...;NaN;;325;669;1004;0;1004;2000;50;100;3,8;\images\Expo_2000_Ap_3.8\Test Sample\#0000\#0000_0;MRJ;23/09/2021 15:43:25;0;89;496;585
#0000_0;Test Sample;1_#0000_0_2021_09_23-15-43-18-396.PNG;24/06/2016;Station...;Location...;56.149375;10.212404;Name...;NaN;;325;669;1004;0;1004;2000;50;100;3,8;\images\Expo_2000_Ap_3.8\Test Sample\#0000\#0000_0;MRJ;23/09/2021 15:43:25;0;89;496;585
#0000_0;Test Sample;1_#0000_0_2021_09_23-15-43-18-419.PNG;24/06/2016;Station...;Location...;56.149375;10.212404;Name...;NaN;;352;727;1083;0;1083;2000;50;100;3,8;\images\Expo_2000_Ap_3.8\Test Sample\#0000\#0000_0;MRJ;23/09/2021 15:43:25;0;386;496;882
#0000_0;Test Sample;1_#0000_0_2021_09_23-15-43-18-445.PNG;24/06/2016;Station...;Location...;56.149375;10.212404;Name...;NaN;;352;727;1083;0;1083;2000;50;100;3,8;\images\Expo_2000_Ap_3.8\Test Sample\#0000\#0000_0;MRJ;23/09/2021 15:43:25;0;386;496;882
#0000_0;Test Sample;1_#0000_0_2021_09_23-15-43-18-504.PNG;24/06/2016;Station...;Location...;56.149375;10.212404;Name...;NaN;;311;648;949;0;949;2000;50;100;3,8;\images\Expo_2000_Ap_3.8\Test Sample\#0000\#0000_0;MRJ;23/09/2021 15:43:25;0;396;496;892
#0000_0;Test Sample;1_#0000_0_2021_09_23-15-43-18-527.PNG;24/06/2016;Station...;Location...;56.149375;10.212404;Name...;NaN;;311;648;949;0;949;2000;50;100;3,8;\images\Expo_2000_Ap_3.8\Test Sample\#0000\#0000_0;MRJ;23/09/2021 15:43:25;0;396;496;892
#0000_0;Test Sample;1_#0000_0_2021_09_23-15-43-18-548.PNG;24/06/2016;Station...;Location...;56.149375;10.212404;Name...;NaN;;340;708;1038;0;1038;2000;50;100;3,8;\images\Expo_2000_Ap_3.8\Test Sample\#0000\#0000_0;MRJ;23/09/2021 15:43:25;0;382;496;878
#0000_0;Test Sample;1_#0000_0_2021_09_23-15-43-18-573.PNG;24/06/2016;Station...;Location...;56.149375;10.212404;Name...;NaN;;340;708;1038;0;1038;2000;50;100;3,8;\images\Expo_2000_Ap_3.8\Test Sample\#0000\#0000_0;MRJ;23/09/2021 15:43:25;0;382;496;878
#0000_0;Test Sample;1_#0000_0_2021_09_23-15-43-18-592.PNG;24/06/2016;Station...;Location...;56.149375;10.212404;Name...;NaN;;420;871;1265;1;1266;2000;50;100;3,8;\images\Expo_2000_Ap_3.8\Test Sample\#0000\#0000_0;MRJ;23/09/2021 15:43:25;0;6;496;502
#0000_0;Test Sample;1_#0000_0_2021_09_23-15-43-18-625.PNG;24/06/2016;Station...;Location...;56.149375;10.212404;Name...;NaN;;420;871;1265;1;1266;2000;50;100;3,8;\images\Expo_2000_Ap_3.8\Test Sample\#0000\#0000_0;MRJ;23/09/2021 15:43:25;0;6;496;502
#0000_0;Test Sample;1_#0000_0_2021_09_23-15-43-18-638.PNG;24/06/2016;Station...;Location...;56.149375;10.212404;Name...;NaN;;286;595;865;0;865;2000;50;100;3,8;\images\Expo_2000_Ap_3.8\Test Sample\#0000\#0000_0;MRJ;23/09/2021 15:43:25;0;72;496;568
#0000_0;Test Sample;1_#0000_0_2021_09_23-15-43-18-657.PNG;24/06/2016;Station...;Location...;56.149375;10.212404;Name...;NaN;;286;595;865;0;865;2000;50;100;3,8;\images\Expo_2000_Ap_3.8\Test Sample\#0000\#0000_0;MRJ;23/09/2021 15:43:25;0;72;496;568
#0000_0;Test Sample;1_#0000_0_2021_09_23-15-43-18-680.PNG;24/06/2016;Station...;Location...;56.149375;10.212404;Name...;NaN;;421;872;1258;0;1258;2000;50;100;3,8;\images\Expo_2000_Ap_3.8\Test Sample\#0000\#0000_0;MRJ;23/09/2021 15:43:25;0;4;496;500
#0000_0;Test Sample;1_#0000_0_2021_09_23-15-43-18-702.PNG;24/06/2016;Station...;Location...;56.149375;10.212404;Name...;NaN;;421;872;1258;0;1258;2000;50;100;3,8;\images\Expo_2000_Ap_3.8\Test Sample\#0000\#0000_0;MRJ;23/09/2021 15:43:25;0;4;496;500
#0000_0;Test Sample;1_#0000_0_2021_09_23-15-43-18-722.PNG;24/06/2016;Station...;Location...;56.149375;10.212404;Name...;NaN;;421;867;1266;0;1266;2000;50;100;3,8;\images\Expo_2000_Ap_3.8\Test Sample\#0000\#0000_0;MRJ;23/09/2021 15:43:25;0;6;496;502
#0000_0;Test Sample;1_#0000_0_2021_09_23-15-43-18-786.PNG;24/06/2016;Station...;Location...;56.149375;10.212404;Name...;NaN;;400;829;1177;0;1177;2000;50;100;3,8;\images\Expo_2000_Ap_3.8\Test Sample\#0000\#0000_0;MRJ;23/09/2021 15:43:25;0;13;496;509
#0000_0;Test Sample;1_#0000_0_2021_09_23-15-43-18-804.PNG;24/06/2016;Station...;Location...;56.149375;10.212404;Name...;NaN;;400;829;1177;0;1177;2000;50;100;3,8;\images\Expo_2000_Ap_3.8\Test Sample\#0000\#0000_0;MRJ;23/09/2021 15:43:25;0;13;496;509
#0000_0;Test Sample;1_#0000_0_2021_09_23-15-43-18-823.PNG;24/06/2016;Station...;Location...;56.149375;10.212404;Name...;NaN;;295;608;870;0;870;2000;50;100;3,8;\images\Expo_2000_Ap_3.8\Test Sample\#0000\#0000_0;MRJ;23/09/2021 15:43:25;0;399;496;895
#0000_0;Test Sample;1_#0000_0_2021_09_23-15-43-18-841.PNG;24/06/2016;Station...;Location...;56.149375;10.212404;Name...;NaN;;295;608;870;0;870;2000;50;100;3,8;\images\Expo_2000_Ap_3.8\Test Sample\#0000\#0000_0;MRJ;23/09/2021 15:43:25;0;399;496;895
#0000_0;Test Sample;1_#0000_0_2021_09_23-15-43-18-861.PNG;24/06/2016;Station...;Location...;56.149375;10.212404;Name...;NaN;;340;700;1024;0;1024;2000;50;100;3,8;\images\Expo_2000_Ap_3.8\Test Sample\#0000\#0000_0;MRJ;23/09/2021 15:43:26;0;383;496;879
#0000_0;Test Sample;1_#0000_0_2021_09_23-15-43-18-882.PNG;24/06/2016;Station...;Location...;56.149375;10.212404;Name...;NaN;;340;700;1024;0;1024;2000;50;100;3,8;\images\Expo_2000_Ap_3.8\Test Sample\#0000\#0000_0;MRJ;23/09/2021 15:43:26;0;383;496;879
#0000_0;Test Sample;1_#0000_0_2021_09_23-15-43-18-904.PNG;24/06/2016;Station...;Location...;56.149375;10.212404;Name...;NaN;;333;692;968;1;969;2000;50;100;3,8;\images\Expo_2000_Ap_3.8\Test Sample\#0000\#0000_0;MRJ;23/09/2021 15:43:26;0;44;496;540
#0000_0;Test Sample;1_#0000_0_2021_09_23-15-43-18-926.PNG;24/06/2016;Station...;Location...;56.149375;10.212404;Name...;NaN;;333;692;968;1;969;2000;50;100;3,8;\images\Expo_2000_Ap_3.8\Test Sample\#0000\#0000_0;MRJ;23/09/2021 15:43:26;0;44;496;540
#0000_0;Test Sample;1_#0000_0_2021_09_23-15-43-18-947.PNG;24/06/2016;Station...;Location...;56.149375;10.212404;Name...;NaN;;285;590;829;0;829;2000;50;100;3,8;\images\Expo_2000_Ap_3.8\Test Sample\#0000\#0000_0;MRJ;23/09/2021 15:43:26;0;69;496;565
#0000_0;Test Sample;1_#0000_0_2021_09_23-15-43-18-968.PNG;24/06/2016;Station...;Location...;56.149375;10.212404;Name...;NaN;;285;590;829;0;829;2000;50;100;3,8;\images\Expo_2000_Ap_3.8\Test Sample\#0000\#0000_0;MRJ;23/09/2021 15:43:26;0;69;496;565
#0000_0;Test Sample;1_#0000_0_2021_09_23-15-43-18-990.PNG;24/06/2016;Station...;Location...;56.149375;10.212404;Name...;NaN;;285;584;838;0;838;2000;50;100;3,8;\images\Expo_2000_Ap_3.8\Test Sample\#0000\#0000_0;MRJ;23/09/2021 15:43:26;0;355;496;851
#0000_0;Test Sample;1_#0000_0_2021_09_23-15-43-19-010.PNG;24/06/2016;Station...;Location...;56.149375;10.212404;Name...;NaN;;285;584;838;0;838;2000;50;100;3,8;\images\Expo_2000_Ap_3.8\Test Sample\#0000\#0000_0;MRJ;23/09/2021 15:43:26;0;355;496;851
#0000_0;Test Sample;1_#0000_0_2021_09_23-15-43-19-030.PNG;24/06/2016;Station...;Location...;56.149375;10.212404;Name...;NaN;;286;596;832;0;832;2000;50;100;3,8;\images\Expo_2000_Ap_3.8\Test Sample\#0000\#0000_0;MRJ;23/09/2021 15:43:26;0;71;496;567
#0000_0;Test Sample;1_#0000_0_2021_09_23-15-43-19-052.PNG;24/06/2016;Station...;Location...;56.149375;10.212404;Name...;NaN;;286;596;832;0;832;2000;50;100;3,8;\images\Expo_2000_Ap_3.8\Test Sample\#0000\#0000_0;MRJ;23/09/2021 15:43:26;0;71;496;567
#0000_0;Test Sample;1_#0000_0_2021_09_23-15-43-19-075.PNG;24/06/2016;Station...;Location...;56.149375;10.212404;Name...;NaN;;287;594;835;0;835;2000;50;100;3,8;\images\Expo_2000_Ap_3.8\Test Sample\#0000\#0000_0;MRJ;23/09/2021 15:43:26;0;70;496;566
#0000_0;Test Sample;1_#0000_0_2021_09_23-15-43-19-097.PNG;24/06/2016;Station...;Location...;56.149375;10.212404;Name...;NaN;;287;594;835;0;835;2000;50;100;3,8;\images\Expo_2000_Ap_3.8\Test Sample\#0000\#0000_0;MRJ;23/09/2021 15:43:26;0;70;496;566
#0000_0;Test Sample;1_#0000_0_2021_09_23-15-43-19-117.PNG;24/06/2016;Station...;Location...;56.149375;10.212404;Name...;NaN;;302;627;893;0;893;2000;50;100;3,8;\images\Expo_2000_Ap_3.8\Test Sample\#0000\#0000_0;MRJ;23/09/2021 15:43:26;0;402;496;898
#0000_0;Test Sample;1_#0000_0_2021_09_23-15-43-19-141.PNG;24/06/2016;Station...;Location...;56.149375;10.212404;Name...;NaN;;302;627;893;0;893;2000;50;100;3,8;\images\Expo_2000_Ap_3.8\Test Sample\#0000\#0000_0;MRJ;23/09/2021 15:43:26;0;402;496;898
#0000_0;Test Sample;1_#0000_0_2021_09_23-15-43-19-194.PNG;24/06/2016;Station...;Location...;56.149375;10.212404;Name...;NaN;;208;431;609;0;609;2000;50;100;3,8;\images\Expo_2000_Ap_3.8\Test Sample\#0000\#0000_0;MRJ;23/09/2021 15:43:26;0;315;496;811
#0000_0;Test Sample;1_#0000_0_2021_09_23-15-43-19-215.PNG;24/06/2016;Station...;Location...;56.149375;10.212404;Name...;NaN;;208;431;609;0;609;2000;50;100;3,8;\images\Expo_2000_Ap_3.8\Test Sample\#0000\#0000_0;MRJ;23/09/2021 15:43:26;0;315;496;811
#0000_0;Test Sample;1_#0000_0_2021_09_23-15-43-19-235.PNG;24/06/2016;Station...;Location...;56.149375;10.212404;Name...;NaN;;171;355;509;0;509;2000;50;100;3,8;\images\Expo_2000_Ap_3.8\Test Sample\#0000\#0000_0;MRJ;23/09/2021 15:43:26;0;126;496;622
#0000_0;Test Sample;1_#0000_0_2021_09_23-15-43-19-254.PNG;24/06/2016;Station...;Location...;56.149375;10.212404;Name...;NaN;;171;355;509;0;509;2000;50;100;3,8;\images\Expo_2000_Ap_3.8\Test Sample\#0000\#0000_0;MRJ;23/09/2021 15:43:26;0;126;496;622
#0000_0;Test Sample;1_#0000_0_2021_09_23-15-43-19-273.PNG;24/06/2016;Station...;Location...;56.149375;10.212404;Name...;NaN;;286;594;821;0;821;2000;50;100;3,8;\images\Expo_2000_Ap_3.8\Test Sample\#0000\#0000_0;MRJ;23/09/2021 15:43:26;0;70;496;566
#0000_0;Test Sample;1_#0000_0_2021_09_23-15-43-19-295.PNG;24/06/2016;Station...;Location...;56.149375;10.212404;Name...;NaN;;286;594;821;0;821;2000;50;100;3,8;\images\Expo_2000_Ap_3.8\Test Sample\#0000\#0000_0;MRJ;23/09/2021 15:43:26;0;70;496;566
#0000_0;Test Sample;1_#0000_0_2021_09_23-15-43-19-315.PNG;24/06/2016;Station...;Location...;56.149375;10.212404;Name...;NaN;;286;593;815;0;815;2000;50;100;3,8;\images\Expo_2000_Ap_3.8\Test Sample\#0000\#0000_0;MRJ;23/09/2021 15:43:26;0;70;496;566
#0000_0;Test Sample;1_#0000_0_2021_09_23-15-43-19-335.PNG;24/06/2016;Station...;Location...;56.149375;10.212404;Name...;NaN;;286;593;815;0;815;2000;50;100;3,8;\images\Expo_2000_Ap_3.8\Test Sample\#0000\#0000_0;MRJ;23/09/2021 15:43:27;0;70;496;566
#0000_0;Test Sample;1_#0000_0_2021_09_23-15-43-19-354.PNG;24/06/2016;Station...;Location...;56.149375;10.212404;Name...;NaN;;337;702;976;1;977;2000;50;100;3,8;\images\Expo_2000_Ap_3.8\Test Sample\#0000\#0000_0;MRJ;23/09/2021 15:43:27;0;45;496;541
#0000_0;Test Sample;1_#0000_0_2021_09_23-15-43-19-376.PNG;24/06/2016;Station...;Location...;56.149375;10.212404;Name...;NaN;;337;702;976;1;977;2000;50;100;3,8;\images\Expo_2000_Ap_3.8\Test Sample\#0000\#0000_0;MRJ;23/09/2021 15:43:27;0;45;496;541
#0000_0;Test Sample;1_#0000_0_2021_09_23-15-43-19-397.PNG;24/06/2016;Station...;Location...;56.149375;10.212404;Name...;NaN;;336;701;961;0;961;2000;50;100;3,8;\images\Expo_2000_Ap_3.8\Test Sample\#0000\#0000_0;MRJ;23/09/2021 15:43:27;0;45;496;541
#0000_0;Test Sample;1_#0000_0_2021_09_23-15-43-19-420.PNG;24/06/2016;Station...;Location...;56.149375;10.212404;Name...;NaN;;336;701;961;0;961;2000;50;100;3,8;\images\Expo_2000_Ap_3.8\Test Sample\#0000\#0000_0;MRJ;23/09/2021 15:43:27;0;45;496;541
#0000_0;Test Sample;1_#0000_0_2021_09_23-15-43-19-506.PNG;24/06/2016;Station...;Location...;56.149375;10.212404;Name...;NaN;;287;591;793;0;793;2000;50;100;3,8;\images\Expo_2000_Ap_3.8\Test Sample\#0000\#0000_0;MRJ;23/09/2021 15:43:27;0;70;496;566
#0000_0;Test Sample;1_#0000_0_2021_09_23-15-43-19-524.PNG;24/06/2016;Station...;Location...;56.149375;10.212404;Name...;NaN;;287;591;793;0;793;2000;50;100;3,8;\images\Expo_2000_Ap_3.8\Test Sample\#0000\#0000_0;MRJ;23/09/2021 15:43:27;0;70;496;566
#0000_0;Test Sample;1_#0000_0_2021_09_23-15-43-19-807.PNG;24/06/2016;Station...;Location...;56.149375;10.212404;Name...;NaN;;285;595;777;0;777;2000;50;100;3,8;\images\Expo_2000_Ap_3.8\Test Sample\#0000\#0000_0;MRJ;23/09/2021 15:43:27;0;70;496;566
#0000_0;Test Sample;1_#0000_0_2021_09_23-15-43-19-827.PNG;24/06/2016;Station...;Location...;56.149375;10.212404;Name...;NaN;;285;595;777;0;777;2000;50;100;3,8;\images\Expo_2000_Ap_3.8\Test Sample\#0000\#0000_0;MRJ;23/09/2021 15:43:27;0;70;496;566
#0000_0;Test Sample;1_#0000_0_2021_09_23-15-43-20-260.PNG;24/06/2016;Station...;Location...;56.149375;10.212404;Name...;NaN;;286;595;768;0;768;2000;50;100;3,8;\images\Expo_2000_Ap_3.8\Test Sample\#0000\#0000_0;MRJ;23/09/2021 15:43:27;0;69;496;565
#0000_0;Test Sample;1_#0000_0_2021_09_23-15-43-20-282.PNG;24/06/2016;Station...;Location...;56.149375;10.212404;Name...;NaN;;286;595;768;0;768;2000;50;100;3,8;\images\Expo_2000_Ap_3.8\Test Sample\#0000\#0000_0;MRJ;23/09/2021 15:43:27;0;69;496;565
#0000_0;Test Sample;1_#0000_0_2021_09_23-15-43-20-301.PNG;24/06/2016;Station...;Location...;56.149375;10.212404;Name...;NaN;;287;594;771;0;771;2000;50;100;3,8;\images\Expo_2000_Ap_3.8\Test Sample\#0000\#0000_0;MRJ;23/09/2021 15:43:27;0;70;496;566
#0000_0;Test Sample;1_#0000_0_2021_09_23-15-43-20-322.PNG;24/06/2016;Station...;Location...;56.149375;10.212404;Name...;NaN;;287;594;771;0;771;2000;50;100;3,8;\images\Expo_2000_Ap_3.8\Test Sample\#0000\#0000_0;MRJ;23/09/2021 15:43:27;0;70;496;566
#0000_0;Test Sample;1_#0000_0_2021_09_23-15-43-20-344.PNG;24/06/2016;Station...;Location...;56.149375;10.212404;Name...;NaN;;332;689;894;0;894;2000;50;100;3,8;\images\Expo_2000_Ap_3.8\Test Sample\#0000\#0000_0;MRJ;23/09/2021 15:43:27;0;46;496;542
#0000_0;Test Sample;1_#0000_0_2021_09_23-15-43-20-366.PNG;24/06/2016;Station...;Location...;56.149375;10.212404;Name...;NaN;;332;689;894;0;894;2000;50;100;3,8;\images\Expo_2000_Ap_3.8\Test Sample\#0000\#0000_0;MRJ;23/09/2021 15:43:27;0;46;496;542
#0000_0;Test Sample;1_#0000_0_2021_09_23-15-43-20-387.PNG;24/06/2016;Station...;Location...;56.149375;10.212404;Name...;NaN;;295;614;818;0;818;2000;50;100;3,8;\images\Expo_2000_Ap_3.8\Test Sample\#0000\#0000_0;MRJ;23/09/2021 15:43:27;0;399;496;895
#0000_0;Test Sample;1_#0000_0_2021_09_23-15-43-20-411.PNG;24/06/2016;Station...;Location...;56.149375;10.212404;Name...;NaN;;295;614;818;0;818;2000;50;100;3,8;\images\Expo_2000_Ap_3.8\Test Sample\#0000\#0000_0;MRJ;23/09/2021 15:43:27;0;399;496;895
#0000_0;Test Sample;1_#0000_0_2021_09_23-15-43-20-434.PNG;24/06/2016;Station...;Location...;56.149375;10.212404;Name...;NaN;;198;415;533;0;533;2000;50;100;3,8;\images\Expo_2000_Ap_3.8\Test Sample\#0000\#0000_0;MRJ;23/09/2021 15:43:27;0;110;496;606
#0000_0;Test Sample;1_#0000_0_2021_09_23-15-43-20-458.PNG;24/06/2016;Station...;Location...;56.149375;10.212404;Name...;NaN;;198;415;533;0;533;2000;50;100;3,8;\images\Expo_2000_Ap_3.8\Test Sample\#0000\#0000_0;MRJ;23/09/2021 15:43:27;0;110;496;606
#0000_0;Test Sample;1_#0000_0_2021_09_23-15-43-21-273.PNG;24/06/2016;Station...;Location...;56.149375;10.212404;Name...;NaN;;317;665;838;0;838;2000;50;100;3,8;\images\Expo_2000_Ap_3.8\Test Sample\#0000\#0000_0;MRJ;23/09/2021 15:43:27;0;38;496;534
#0000_0;Test Sample;1_#0000_0_2021_09_23-15-43-21-294.PNG;24/06/2016;Station...;Location...;56.149375;10.212404;Name...;NaN;;317;665;838;0;838;2000;50;100;3,8;\images\Expo_2000_Ap_3.8\Test Sample\#0000\#0000_0;MRJ;23/09/2021 15:43:28;0;38;496;534
#0000_0;Test Sample;1_#0000_0_2021_09_23-15-43-21-317.PNG;24/06/2016;Station...;Location...;56.149375;10.212404;Name...;NaN;;199;410;512;0;512;2000;50;100;3,8;\images\Expo_2000_Ap_3.8\Test Sample\#0000\#0000_0;MRJ;23/09/2021 15:43:28;0;110;496;606
#0000_0;Test Sample;1_#0000_0_2021_09_23-15-43-21-336.PNG;24/06/2016;Station...;Location...;56.149375;10.212404;Name...;NaN;;199;410;512;0;512;2000;50;100;3,8;\images\Expo_2000_Ap_3.8\Test Sample\#0000\#0000_0;MRJ;23/09/2021 15:43:28;0;110;496;606
#0000_0;Test Sample;1_#0000_0_2021_09_23-15-43-21-990.PNG;24/06/2016;Station...;Location...;56.149375;10.212404;Name...;NaN;;198;418;508;0;508;2000;50;100;3,8;\images\Expo_2000_Ap_3.8\Test Sample\#0000\#0000_0;MRJ;23/09/2021 15:43:28;0;112;496;608
#0000_0;Test Sample;1_#0000_0_2021_09_23-15-43-22-011.PNG;24/06/2016;Station...;Location...;56.149375;10.212404;Name...;NaN;;198;418;508;0;508;2000;50;100;3,8;\images\Expo_2000_Ap_3.8\Test Sample\#0000\#0000_0;MRJ;23/09/2021 15:43:28;0;112;496;608
#0000_0;Test Sample;1_#0000_0_2021_09_23-15-43-22-325.PNG;24/06/2016;Station...;Location...;56.149375;10.212404;Name...;NaN;;285;589;715;0;715;2000;50;100;3,8;\images\Expo_2000_Ap_3.8\Test Sample\#0000\#0000_0;MRJ;23/09/2021 15:43:28;0;69;496;565
#0000_0;Test Sample;1_#0000_0_2021_09_23-15-43-22-346.PNG;24/06/2016;Station...;Location...;56.149375;10.212404;Name...;NaN;;285;589;715;0;715;2000;50;100;3,8;\images\Expo_2000_Ap_3.8\Test Sample\#0000\#0000_0;MRJ;23/09/2021 15:43:28;0;69;496;565
#0000_0;Test Sample;1_#0000_0_2021_09_23-15-45-00-299.PNG;24/06/2016;Station...;Location...;56.149375;10.212404;Name...;NaN;;107;225;888;1;889;2000;50;100;8;\images\Expo_2000_Ap_8\Test Sample\#0000\#0000_0;MRJ;23/09/2021 15:45:00;0;573;496;1069
#0000_1;Test Sample;2_#0000_1_2021_09_23-15-45-00-384.PNG;24/06/2016;Station...;Location...;56.149375;10.212404;Name...;NaN;;114;337;799;1;800;2000;50;100;8;\images\Expo_2000_Ap_8\Test Sample\#0000\#0000_1;MRJ;23/09/2021 15:45:00;0;457;496;953
#0000_0;Test Sample;1_#0000_0_2021_09_23-15-45-00-323.PNG;24/06/2016;Station...;Location...;56.149375;10.212404;Name...;NaN;;107;225;888;1;889;2000;50;100;8;\images\Expo_2000_Ap_8\Test Sample\#0000\#0000_0;MRJ;23/09/2021 15:45:00;0;573;496;1069
#0000_0;Test Sample;1_#0000_0_2021_09_23-15-45-00-345.PNG;24/06/2016;Station...;Location...;56.149375;10.212404;Name...;NaN;;414;1036;3945;5;3950;2000;50;100;8;\images\Expo_2000_Ap_8\Test Sample\#0000\#0000_0;MRJ;23/09/2021 15:45:00;0;402;496;931
#0000_0;Test Sample;1_#0000_0_2021_09_23-15-45-00-370.PNG;24/06/2016;Station...;Location...;56.149375;10.212404;Name...;NaN;;414;1036;3945;5;3950;2000;50;100;8;\images\Expo_2000_Ap_8\Test Sample\#0000\#0000_0;MRJ;23/09/2021 15:45:01;0;402;496;931
#0000_2;Test Sample;1_#0000_2_2021_09_23-15-45-06-603.PNG;24/06/2016;Station...;Location...;56.149375;10.212404;Name...;NaN;;82;176;556;0;556;2000;50;100;8;\images\Expo_2000_Ap_8\Test Sample\#0000\#0000_2;MRJ;23/09/2021 15:45:06;0;575;496;1071
#0000_2;Test Sample;1_#0000_2_2021_09_23-15-45-06-626.PNG;24/06/2016;Station...;Location...;56.149375;10.212404;Name...;NaN;;82;176;556;0;556;2000;50;100;8;\images\Expo_2000_Ap_8\Test Sample\#0000\#0000_2;MRJ;23/09/2021 15:45:07;0;575;496;1071
#0000_2;Test Sample;1_#0000_2_2021_09_23-15-45-06-655.PNG;24/06/2016;Station...;Location...;56.149375;10.212404;Name...;NaN;;461;2428;10311;1123;11434;2000;50;100;8;\images\Expo_2000_Ap_8\Test Sample\#0000\#0000_2;MRJ;23/09/2021 15:45:07;0;356;496;911
#0000_2;Test Sample;1_#0000_2_2021_09_23-15-45-06-683.PNG;24/06/2016;Station...;Location...;56.149375;10.212404;Name...;NaN;;461;2428;10311;1123;11434;2000;50;100;8;\images\Expo_2000_Ap_8\Test Sample\#0000\#0000_2;MRJ;23/09/2021 15:45:07;0;356;496;911
#0000_3;Test Sample;2_#0000_3_2021_09_23-15-45-16-006.PNG;24/06/2016;Station...;Location...;56.149375;10.212404;Name...;NaN;;131;437;2754;28;2782;2000;50;100;8;\images\Expo_2000_Ap_8\Test Sample\#0000\#0000_3;MRJ;23/09/2021 15:45:16;0;447;496;943
#0000_3;Test Sample;2_#0000_3_2021_09_23-15-45-16-029.PNG;24/06/2016;Station...;Location...;56.149375;10.212404;Name...;NaN;;121;439;2621;10;2631;2000;50;100;8;\images\Expo_2000_Ap_8\Test Sample\#0000\#0000_3;MRJ;23/09/2021 15:45:16;0;449;496;945
#0000_3;Test Sample;2_#0000_3_2021_09_23-15-45-16-047.PNG;24/06/2016;Station...;Location...;56.149375;10.212404;Name...;NaN;;120;388;2589;16;2605;2000;50;100;8;\images\Expo_2000_Ap_8\Test Sample\#0000\#0000_3;MRJ;23/09/2021 15:45:16;0;449;496;945
#0000_3;Test Sample;2_#0000_3_2021_09_23-15-45-16-071.PNG;24/06/2016;Station...;Location...;56.149375;10.212404;Name...;NaN;;120;483;2735;22;2757;2000;50;100;8;\images\Expo_2000_Ap_8\Test Sample\#0000\#0000_3;MRJ;23/09/2021 15:45:16;0;448;496;944
#0000_3;Test Sample;2_#0000_3_2021_09_23-15-45-16-093.PNG;24/06/2016;Station...;Location...;56.149375;10.212404;Name...;NaN;;120;397;2590;13;2603;2000;50;100;8;\images\Expo_2000_Ap_8\Test Sample\#0000\#0000_3;MRJ;23/09/2021 15:45:16;0;449;496;945
#0000_3;Test Sample;2_#0000_3_2021_09_23-15-45-16-114.PNG;24/06/2016;Station...;Location...;56.149375;10.212404;Name...;NaN;;120;445;2798;17;2815;2000;50;100;8;\images\Expo_2000_Ap_8\Test Sample\#0000\#0000_3;MRJ;23/09/2021 15:45:17;0;448;496;944
#0000_3;Test Sample;2_#0000_3_2021_09_23-15-45-16-135.PNG;24/06/2016;Station...;Location...;56.149375;10.212404;Name...;NaN;;122;467;2800;10;2810;2000;50;100;8;\images\Expo_2000_Ap_8\Test Sample\#0000\#0000_3;MRJ;23/09/2021 15:45:17;0;448;496;944
#0000_3;Test Sample;2_#0000_3_2021_09_23-15-45-16-157.PNG;24/06/2016;Station...;Location...;56.149375;10.212404;Name...;NaN;;121;452;3061;68;3129;2000;50;100;8;\images\Expo_2000_Ap_8\Test Sample\#0000\#0000_3;MRJ;23/09/2021 15:45:17;0;447;496;943
#0000_3;Test Sample;2_#0000_3_2021_09_23-15-45-16-180.PNG;24/06/2016;Station...;Location...;56.149375;10.212404;Name...;NaN;;141;560;4327;140;4467;2000;50;100;8;\images\Expo_2000_Ap_8\Test Sample\#0000\#0000_3;MRJ;23/09/2021 15:45:17;0;438;496;934
#0000_3;Test Sample;2_#0000_3_2021_09_23-15-45-16-203.PNG;24/06/2016;Station...;Location...;56.149375;10.212404;Name...;NaN;;156;816;5763;383;6146;2000;50;100;8;\images\Expo_2000_Ap_8\Test Sample\#0000\#0000_3;MRJ;23/09/2021 15:45:17;0;431;496;927
#0000_3;Test Sample;2_#0000_3_2021_09_23-15-45-16-222.PNG;24/06/2016;Station...;Location...;56.149375;10.212404;Name...;NaN;;146;656;5413;294;5707;2000;50;100;8;\images\Expo_2000_Ap_8\Test Sample\#0000\#0000_3;MRJ;23/09/2021 15:45:18;0;435;496;931
#0000_3;Test Sample;2_#0000_3_2021_09_23-15-45-16-241.PNG;24/06/2016;Station...;Location...;56.149375;10.212404;Name...;NaN;;158;799;5738;272;6010;2000;50;100;8;\images\Expo_2000_Ap_8\Test Sample\#0000\#0000_3;MRJ;23/09/2021 15:45:18;0;432;496;928
#0000_3;Test Sample;2_#0000_3_2021_09_23-15-45-16-263.PNG;24/06/2016;Station...;Location...;56.149375;10.212404;Name...;NaN;;157;794;5614;175;5789;2000;50;100;8;\images\Expo_2000_Ap_8\Test Sample\#0000\#0000_3;MRJ;23/09/2021 15:45:18;0;432;496;928
#0000_3;Test Sample;2_#0000_3_2021_09_23-15-45-16-284.PNG;24/06/2016;Station...;Location...;56.149375;10.212404;Name...;NaN;;161;864;5743;148;5891;2000;50;100;8;\images\Expo_2000_Ap_8\Test Sample\#0000\#0000_3;MRJ;23/09/2021 15:45:18;0;432;496;928
#0000_3;Test Sample;2_#0000_3_2021_09_23-15-45-16-307.PNG;24/06/2016;Station...;Location...;56.149375;10.212404;Name...;NaN;;158;925;5712;238;5950;2000;50;100;8;\images\Expo_2000_Ap_8\Test Sample\#0000\#0000_3;MRJ;23/09/2021 15:45:18;0;432;496;928
#0000_3;Test Sample;1_#0000_3_2021_09_23-15-45-18-809.PNG;24/06/2016;Station...;Location...;56.149375;10.212404;Name...;NaN;;548;2973;12075;1899;13974;2000;50;100;8;\images\Expo_2000_Ap_8\Test Sample\#0000\#0000_3;MRJ;23/09/2021 15:45:18;0;268;496;852
#0000_3;Test Sample;2_#0000_3_2021_09_23-15-45-16-328.PNG;24/06/2016;Station...;Location...;56.149375;10.212404;Name...;NaN;;151;706;5287;128;5415;2000;50;100;8;\images\Expo_2000_Ap_8\Test Sample\#0000\#0000_3;MRJ;23/09/2021 15:45:18;0;436;496;932
#0000_3;Test Sample;1_#0000_3_2021_09_23-15-45-18-836.PNG;24/06/2016;Station...;Location...;56.149375;10.212404;Name...;NaN;;548;2973;12075;1899;13974;2000;50;100;8;\images\Expo_2000_Ap_8\Test Sample\#0000\#0000_3;MRJ;23/09/2021 15:45:19;0;268;496;852
#0000_3;Test Sample;2_#0000_3_2021_09_23-15-45-16-352.PNG;24/06/2016;Station...;Location...;56.149375;10.212404;Name...;NaN;;159;764;5431;206;5637;2000;50;100;8;\images\Expo_2000_Ap_8\Test Sample\#0000\#0000_3;MRJ;23/09/2021 15:45:19;0;433;496;929
#0000_3;Test Sample;1_#0000_3_2021_09_23-15-45-18-861.PNG;24/06/2016;Station...;Location...;56.149375;10.212404;Name...;NaN;;178;766;3578;555;4133;2000;50;100;8;\images\Expo_2000_Ap_8\Test Sample\#0000\#0000_3;MRJ;23/09/2021 15:45:19;0;526;496;1022
#0000_3;Test Sample;2_#0000_3_2021_09_23-15-45-16-372.PNG;24/06/2016;Station...;Location...;56.149375;10.212404;Name...;NaN;;153;768;5389;201;5590;2000;50;100;8;\images\Expo_2000_Ap_8\Test Sample\#0000\#0000_3;MRJ;23/09/2021 15:45:19;0;435;496;931
#0000_3;Test Sample;1_#0000_3_2021_09_23-15-45-18-887.PNG;24/06/2016;Station...;Location...;56.149375;10.212404;Name...;NaN;;178;766;3578;555;4133;2000;50;100;8;\images\Expo_2000_Ap_8\Test Sample\#0000\#0000_3;MRJ;23/09/2021 15:45:19;0;526;496;1022
#0000_3;Test Sample;2_#0000_3_2021_09_23-15-45-16-393.PNG;24/06/2016;Station...;Location...;56.149375;10.212404;Name...;NaN;;153;926;5628;207;5835;2000;50;100;8;\images\Expo_2000_Ap_8\Test Sample\#0000\#0000_3;MRJ;23/09/2021 15:45:19;0;433;496;929
#0000_3;Test Sample;1_#0000_3_2021_09_23-15-45-18-914.PNG;24/06/2016;Station...;Location...;56.149375;10.212404;Name...;NaN;;87;400;1128;65;1193;2000;50;100;8;\images\Expo_2000_Ap_8\Test Sample\#0000\#0000_3;MRJ;23/09/2021 15:45:19;0;539;496;1035
#0000_3;Test Sample;2_#0000_3_2021_09_23-15-45-16-414.PNG;24/06/2016;Station...;Location...;56.149375;10.212404;Name...;NaN;;151;813;5531;239;5770;2000;50;100;8;\images\Expo_2000_Ap_8\Test Sample\#0000\#0000_3;MRJ;23/09/2021 15:45:19;0;434;496;930
#0000_3;Test Sample;1_#0000_3_2021_09_23-15-45-18-937.PNG;24/06/2016;Station...;Location...;56.149375;10.212404;Name...;NaN;;87;400;1128;65;1193;2000;50;100;8;\images\Expo_2000_Ap_8\Test Sample\#0000\#0000_3;MRJ;23/09/2021 15:45:20;0;539;496;1035
#0000_3;Test Sample;2_#0000_3_2021_09_23-15-45-16-437.PNG;24/06/2016;Station...;Location...;56.149375;10.212404;Name...;NaN;;145;713;5409;205;5614;2000;50;100;8;\images\Expo_2000_Ap_8\Test Sample\#0000\#0000_3;MRJ;23/09/2021 15:45:20;0;436;496;932
#0000_3;Test Sample;1_#0000_3_2021_09_23-15-45-18-958.PNG;24/06/2016;Station...;Location...;56.149375;10.212404;Name...;NaN;;81;184;622;0;622;2000;50;100;8;\images\Expo_2000_Ap_8\Test Sample\#0000\#0000_3;MRJ;23/09/2021 15:45:20;0;574;496;1070
#0000_3;Test Sample;2_#0000_3_2021_09_23-15-45-16-460.PNG;24/06/2016;Station...;Location...;56.149375;10.212404;Name...;NaN;;148;688;5283;182;5465;2000;50;100;8;\images\Expo_2000_Ap_8\Test Sample\#0000\#0000_3;MRJ;23/09/2021 15:45:20;0;436;496;932
#0000_3;Test Sample;1_#0000_3_2021_09_23-15-45-18-980.PNG;24/06/2016;Station...;Location...;56.149375;10.212404;Name...;NaN;;81;184;622;0;622;2000;50;100;8;\images\Expo_2000_Ap_8\Test Sample\#0000\#0000_3;MRJ;23/09/2021 15:45:20;0;574;496;1070
#0000_3;Test Sample;2_#0000_3_2021_09_23-15-45-16-482.PNG;24/06/2016;Station...;Location...;56.149375;10.212404;Name...;NaN;;145;800;5371;86;5457;2000;50;100;8;\images\Expo_2000_Ap_8\Test Sample\#0000\#0000_3;MRJ;23/09/2021 15:45:20;0;436;496;932
#0000_3;Test Sample;1_#0000_3_2021_09_23-15-45-19-002.PNG;24/06/2016;Station...;Location...;56.149375;10.212404;Name...;NaN;;80;172;556;0;556;2000;50;100;8;\images\Expo_2000_Ap_8\Test Sample\#0000\#0000_3;MRJ;23/09/2021 15:45:20;0;574;496;1070
#0000_3;Test Sample;2_#0000_3_2021_09_23-15-45-16-503.PNG;24/06/2016;Station...;Location...;56.149375;10.212404;Name...;NaN;;150;847;5472;116;5588;2000;50;100;8;\images\Expo_2000_Ap_8\Test Sample\#0000\#0000_3;MRJ;23/09/2021 15:45:20;0;434;496;930
#0000_3;Test Sample;1_#0000_3_2021_09_23-15-45-19-023.PNG;24/06/2016;Station...;Location...;56.149375;10.212404;Name...;NaN;;80;172;556;0;556;2000;50;100;8;\images\Expo_2000_Ap_8\Test Sample\#0000\#0000_3;MRJ;23/09/2021 15:45:20;0;574;496;1070
#0000_3;Test Sample;2_#0000_3_2021_09_23-15-45-16-528.PNG;24/06/2016;Station...;Location...;56.149375;10.212404;Name...;NaN;;145;744;5228;130;5358;2000;50;100;8;\images\Expo_2000_Ap_8\Test Sample\#0000\#0000_3;MRJ;23/09/2021 15:45:20;0;436;496;932
#0000_3;Test Sample;1_#0000_3_2021_09_23-15-45-19-052.PNG;24/06/2016;Station...;Location...;56.149375;10.212404;Name...;NaN;;79;172;513;1;514;2000;50;100;8;\images\Expo_2000_Ap_8\Test Sample\#0000\#0000_3;MRJ;23/09/2021 15:45:21;0;575;496;1071
#0000_3;Test Sample;2_#0000_3_2021_09_23-15-45-16-551.PNG;24/06/2016;Station...;Location...;56.149375;10.212404;Name...;NaN;;147;711;5271;202;5473;2000;50;100;8;\images\Expo_2000_Ap_8\Test Sample\#0000\#0000_3;MRJ;23/09/2021 15:45:21;0;435;496;931
#0000_3;Test Sample;1_#0000_3_2021_09_23-15-45-19-076.PNG;24/06/2016;Station...;Location...;56.149375;10.212404;Name...;NaN;;79;172;513;1;514;2000;50;100;8;\images\Expo_2000_Ap_8\Test Sample\#0000\#0000_3;MRJ;23/09/2021 15:45:21;0;575;496;1071
#0000_3;Test Sample;2_#0000_3_2021_09_23-15-45-16-573.PNG;24/06/2016;Station...;Location...;56.149375;10.212404;Name...;NaN;;154;872;5497;268;5765;2000;50;100;8;\images\Expo_2000_Ap_8\Test Sample\#0000\#0000_3;MRJ;23/09/2021 15:45:21;0;434;496;930
#0000_3;Test Sample;2_#0000_3_2021_09_23-15-45-16-595.PNG;24/06/2016;Station...;Location...;56.149375;10.212404;Name...;NaN;;151;786;5272;125;5397;2000;50;100;8;\images\Expo_2000_Ap_8\Test Sample\#0000\#0000_3;MRJ;23/09/2021 15:45:21;0;435;496;931
#0000_3;Test Sample;2_#0000_3_2021_09_23-15-45-16-615.PNG;24/06/2016;Station...;Location...;56.149375;10.212404;Name...;NaN;;140;733;5023;139;5162;2000;50;100;8;\images\Expo_2000_Ap_8\Test Sample\#0000\#0000_3;MRJ;23/09/2021 15:45:22;0;437;496;933
#0000_3;Test Sample;2_#0000_3_2021_09_23-15-45-16-636.PNG;24/06/2016;Station...;Location...;56.149375;10.212404;Name...;NaN;;146;759;5197;176;5373;2000;50;100;8;\images\Expo_2000_Ap_8\Test Sample\#0000\#0000_3;MRJ;23/09/2021 15:45:22;0;436;496;932
#0000_3;Test Sample;2_#0000_3_2021_09_23-15-45-16-660.PNG;24/06/2016;Station...;Location...;56.149375;10.212404;Name...;NaN;;137;604;4843;80;4923;2000;50;100;8;\images\Expo_2000_Ap_8\Test Sample\#0000\#0000_3;MRJ;23/09/2021 15:45:22;0;439;496;935
#0000_3;Test Sample;2_#0000_3_2021_09_23-15-45-16-682.PNG;24/06/2016;Station...;Location...;56.149375;10.212404;Name...;NaN;;146;751;5143;112;5255;2000;50;100;8;\images\Expo_2000_Ap_8\Test Sample\#0000\#0000_3;MRJ;23/09/2021 15:45:22;0;437;496;933
#0000_3;Test Sample;2_#0000_3_2021_09_23-15-45-16-702.PNG;24/06/2016;Station...;Location...;56.149375;10.212404;Name...;NaN;;151;811;5241;170;5411;2000;50;100;8;\images\Expo_2000_Ap_8\Test Sample\#0000\#0000_3;MRJ;23/09/2021 15:45:22;0;436;496;932
#0000_3;Test Sample;2_#0000_3_2021_09_23-15-45-16-727.PNG;24/06/2016;Station...;Location...;56.149375;10.212404;Name...;NaN;;139;523;4825;157;4982;2000;50;100;8;\images\Expo_2000_Ap_8\Test Sample\#0000\#0000_3;MRJ;23/09/2021 15:45:22;0;438;496;934
#0000_3;Test Sample;2_#0000_3_2021_09_23-15-45-16-752.PNG;24/06/2016;Station...;Location...;56.149375;10.212404;Name...;NaN;;145;696;5095;179;5274;2000;50;100;8;\images\Expo_2000_Ap_8\Test Sample\#0000\#0000_3;MRJ;23/09/2021 15:45:22;0;437;496;933
#0000_3;Test Sample;2_#0000_3_2021_09_23-15-45-16-774.PNG;24/06/2016;Station...;Location...;56.149375;10.212404;Name...;NaN;;144;707;5128;228;5356;2000;50;100;8;\images\Expo_2000_Ap_8\Test Sample\#0000\#0000_3;MRJ;23/09/2021 15:45:22;0;437;496;933
#0000_3;Test Sample;2_#0000_3_2021_09_23-15-45-16-798.PNG;24/06/2016;Station...;Location...;56.149375;10.212404;Name...;NaN;;146;696;5155;165;5320;2000;50;100;8;\images\Expo_2000_Ap_8\Test Sample\#0000\#0000_3;MRJ;23/09/2021 15:45:22;0;436;496;932
#0000_3;Test Sample;2_#0000_3_2021_09_23-15-45-16-829.PNG;24/06/2016;Station...;Location...;56.149375;10.212404;Name...;NaN;;142;711;5024;112;5136;2000;50;100;8;\images\Expo_2000_Ap_8\Test Sample\#0000\#0000_3;MRJ;23/09/2021 15:45:22;0;437;496;933
#0000_3;Test Sample;2_#0000_3_2021_09_23-15-45-16-852.PNG;24/06/2016;Station...;Location...;56.149375;10.212404;Name...;NaN;;138;621;5001;152;5153;2000;50;100;8;\images\Expo_2000_Ap_8\Test Sample\#0000\#0000_3;MRJ;23/09/2021 15:45:22;0;438;496;934
#0000_3;Test Sample;2_#0000_3_2021_09_23-15-45-16-877.PNG;24/06/2016;Station...;Location...;56.149375;10.212404;Name...;NaN;;150;780;5196;106;5302;2000;50;100;8;\images\Expo_2000_Ap_8\Test Sample\#0000\#0000_3;MRJ;23/09/2021 15:45:23;0;436;496;932
#0000_3;Test Sample;2_#0000_3_2021_09_23-15-45-16-902.PNG;24/06/2016;Station...;Location...;56.149375;10.212404;Name...;NaN;;142;664;4976;142;5118;2000;50;100;8;\images\Expo_2000_Ap_8\Test Sample\#0000\#0000_3;MRJ;23/09/2021 15:45:23;0;438;496;934
#0000_3;Test Sample;2_#0000_3_2021_09_23-15-45-16-925.PNG;24/06/2016;Station...;Location...;56.149375;10.212404;Name...;NaN;;146;731;5174;129;5303;2000;50;100;8;\images\Expo_2000_Ap_8\Test Sample\#0000\#0000_3;MRJ;23/09/2021 15:45:23;0;437;496;933
#0000_3;Test Sample;2_#0000_3_2021_09_23-15-45-16-950.PNG;24/06/2016;Station...;Location...;56.149375;10.212404;Name...;NaN;;141;726;5023;98;5121;2000;50;100;8;\images\Expo_2000_Ap_8\Test Sample\#0000\#0000_3;MRJ;23/09/2021 15:45:23;0;437;496;933
#0000_3;Test Sample;2_#0000_3_2021_09_23-15-45-16-970.PNG;24/06/2016;Station...;Location...;56.149375;10.212404;Name...;NaN;;142;625;4927;139;5066;2000;50;100;8;\images\Expo_2000_Ap_8\Test Sample\#0000\#0000_3;MRJ;23/09/2021 15:45:23;0;438;496;934
#0000_3;Test Sample;2_#0000_3_2021_09_23-15-45-16-991.PNG;24/06/2016;Station...;Location...;56.149375;10.212404;Name...;NaN;;141;579;4906;148;5054;2000;50;100;8;\images\Expo_2000_Ap_8\Test Sample\#0000\#0000_3;MRJ;23/09/2021 15:45:23;0;438;496;934
#0000_3;Test Sample;2_#0000_3_2021_09_23-15-45-17-013.PNG;24/06/2016;Station...;Location...;56.149375;10.212404;Name...;NaN;;142;683;5158;176;5334;2000;50;100;8;\images\Expo_2000_Ap_8\Test Sample\#0000\#0000_3;MRJ;23/09/2021 15:45:23;0;437;496;933
#0000_3;Test Sample;2_#0000_3_2021_09_23-15-45-17-037.PNG;24/06/2016;Station...;Location...;56.149375;10.212404;Name...;NaN;;145;589;4964;194;5158;2000;50;100;8;\images\Expo_2000_Ap_8\Test Sample\#0000\#0000_3;MRJ;23/09/2021 15:45:23;0;438;496;934
#0000_3;Test Sample;2_#0000_3_2021_09_23-15-45-17-060.PNG;24/06/2016;Station...;Location...;56.149375;10.212404;Name...;NaN;;141;610;4974;124;5098;2000;50;100;8;\images\Expo_2000_Ap_8\Test Sample\#0000\#0000_3;MRJ;23/09/2021 15:45:23;0;438;496;934
#0000_3;Test Sample;2_#0000_3_2021_09_23-15-45-17-081.PNG;24/06/2016;Station...;Location...;56.149375;10.212404;Name...;NaN;;142;632;5019;202;5221;2000;50;100;8;\images\Expo_2000_Ap_8\Test Sample\#0000\#0000_3;MRJ;23/09/2021 15:45:23;0;437;496;933
#0000_3;Test Sample;2_#0000_3_2021_09_23-15-45-17-104.PNG;24/06/2016;Station...;Location...;56.149375;10.212404;Name...;NaN;;142;696;4984;107;5091;2000;50;100;8;\images\Expo_2000_Ap_8\Test Sample\#0000\#0000_3;MRJ;23/09/2021 15:45:23;0;438;496;934
#0000_3;Test Sample;2_#0000_3_2021_09_23-15-45-17-124.PNG;24/06/2016;Station...;Location...;56.149375;10.212404;Name...;NaN;;146;716;4981;94;5075;2000;50;100;8;\images\Expo_2000_Ap_8\Test Sample\#0000\#0000_3;MRJ;23/09/2021 15:45:23;0;438;496;934
#0000_3;Test Sample;2_#0000_3_2021_09_23-15-45-17-148.PNG;24/06/2016;Station...;Location...;56.149375;10.212404;Name...;NaN;;146;667;5061;178;5239;2000;50;100;8;\images\Expo_2000_Ap_8\Test Sample\#0000\#0000_3;MRJ;23/09/2021 15:45:23;0;438;496;934
#0000_3;Test Sample;2_#0000_3_2021_09_23-15-45-17-167.PNG;24/06/2016;Station...;Location...;56.149375;10.212404;Name...;NaN;;141;631;5025;218;5243;2000;50;100;8;\images\Expo_2000_Ap_8\Test Sample\#0000\#0000_3;MRJ;23/09/2021 15:45:23;0;437;496;933
#0000_3;Test Sample;2_#0000_3_2021_09_23-15-45-17-189.PNG;24/06/2016;Station...;Location...;56.149375;10.212404;Name...;NaN;;145;757;5110;154;5264;2000;50;100;8;\images\Expo_2000_Ap_8\Test Sample\#0000\#0000_3;MRJ;23/09/2021 15:45:23;0;437;496;933
#0000_3;Test Sample;2_#0000_3_2021_09_23-15-45-17-216.PNG;24/06/2016;Station...;Location...;56.149375;10.212404;Name...;NaN;;145;660;5040;182;5222;2000;50;100;8;\images\Expo_2000_Ap_8\Test Sample\#0000\#0000_3;MRJ;23/09/2021 15:45:23;0;438;496;934
#0000_3;Test Sample;2_#0000_3_2021_09_23-15-45-17-239.PNG;24/06/2016;Station...;Location...;56.149375;10.212404;Name...;NaN;;142;682;5183;184;5367;2000;50;100;8;\images\Expo_2000_Ap_8\Test Sample\#0000\#0000_3;MRJ;23/09/2021 15:45:23;0;437;496;933
#0000_3;Test Sample;2_#0000_3_2021_09_23-15-45-17-262.PNG;24/06/2016;Station...;Location...;56.149375;10.212404;Name...;NaN;;141;599;4842;87;4929;2000;50;100;8;\images\Expo_2000_Ap_8\Test Sample\#0000\#0000_3;MRJ;23/09/2021 15:45:23;0;438;496;934
#0000_3;Test Sample;2_#0000_3_2021_09_23-15-45-17-288.PNG;24/06/2016;Station...;Location...;56.149375;10.212404;Name...;NaN;;144;583;4920;144;5064;2000;50;100;8;\images\Expo_2000_Ap_8\Test Sample\#0000\#0000_3;MRJ;23/09/2021 15:45:23;0;438;496;934
#0000_3;Test Sample;2_#0000_3_2021_09_23-15-45-17-308.PNG;24/06/2016;Station...;Location...;56.149375;10.212404;Name...;NaN;;141;606;4918;212;5130;2000;50;100;8;\images\Expo_2000_Ap_8\Test Sample\#0000\#0000_3;MRJ;23/09/2021 15:45:23;0;438;496;934
#0000_3;Test Sample;2_#0000_3_2021_09_23-15-45-17-334.PNG;24/06/2016;Station...;Location...;56.149375;10.212404;Name...;NaN;;141;663;4915;154;5069;2000;50;100;8;\images\Expo_2000_Ap_8\Test Sample\#0000\#0000_3;MRJ;23/09/2021 15:45:24;0;438;496;934
#0000_3;Test Sample;2_#0000_3_2021_09_23-15-45-17-353.PNG;24/06/2016;Station...;Location...;56.149375;10.212404;Name...;NaN;;141;686;4988;106;5094;2000;50;100;8;\images\Expo_2000_Ap_8\Test Sample\#0000\#0000_3;MRJ;23/09/2021 15:45:24;0;437;496;933
#0000_3;Test Sample;2_#0000_3_2021_09_23-15-45-17-372.PNG;24/06/2016;Station...;Location...;56.149375;10.212404;Name...;NaN;;141;698;4904;96;5000;2000;50;100;8;\images\Expo_2000_Ap_8\Test Sample\#0000\#0000_3;MRJ;23/09/2021 15:45:24;0;438;496;934
#0000_3;Test Sample;2_#0000_3_2021_09_23-15-45-17-391.PNG;24/06/2016;Station...;Location...;56.149375;10.212404;Name...;NaN;;145;742;5179;169;5348;2000;50;100;8;\images\Expo_2000_Ap_8\Test Sample\#0000\#0000_3;MRJ;23/09/2021 15:45:24;0;437;496;933
#0000_3;Test Sample;2_#0000_3_2021_09_23-15-45-17-413.PNG;24/06/2016;Station...;Location...;56.149375;10.212404;Name...;NaN;;146;625;4988;184;5172;2000;50;100;8;\images\Expo_2000_Ap_8\Test Sample\#0000\#0000_3;MRJ;23/09/2021 15:45:24;0;437;496;933
#0000_3;Test Sample;2_#0000_3_2021_09_23-15-45-17-438.PNG;24/06/2016;Station...;Location...;56.149375;10.212404;Name...;NaN;;144;624;4902;199;5101;2000;50;100;8;\images\Expo_2000_Ap_8\Test Sample\#0000\#0000_3;MRJ;23/09/2021 15:45:24;0;438;496;934
#0000_3;Test Sample;2_#0000_3_2021_09_23-15-45-17-462.PNG;24/06/2016;Station...;Location...;56.149375;10.212404;Name...;NaN;;145;646;5068;206;5274;2000;50;100;8;\images\Expo_2000_Ap_8\Test Sample\#0000\#0000_3;MRJ;23/09/2021 15:45:24;0;437;496;933
#0000_3;Test Sample;2_#0000_3_2021_09_23-15-45-17-482.PNG;24/06/2016;Station...;Location...;56.149375;10.212404;Name...;NaN;;140;695;5087;115;5202;2000;50;100;8;\images\Expo_2000_Ap_8\Test Sample\#0000\#0000_3;MRJ;23/09/2021 15:45:24;0;437;496;933
#0000_3;Test Sample;2_#0000_3_2021_09_23-15-45-17-503.PNG;24/06/2016;Station...;Location...;56.149375;10.212404;Name...;NaN;;145;702;5116;219;5335;2000;50;100;8;\images\Expo_2000_Ap_8\Test Sample\#0000\#0000_3;MRJ;23/09/2021 15:45:24;0;437;496;933
#0000_3;Test Sample;2_#0000_3_2021_09_23-15-45-17-523.PNG;24/06/2016;Station...;Location...;56.149375;10.212404;Name...;NaN;;145;627;4955;149;5104;2000;50;100;8;\images\Expo_2000_Ap_8\Test Sample\#0000\#0000_3;MRJ;23/09/2021 15:45:24;0;437;496;933
#0000_3;Test Sample;2_#0000_3_2021_09_23-15-45-17-546.PNG;24/06/2016;Station...;Location...;56.149375;10.212404;Name...;NaN;;144;684;4979;79;5058;2000;50;100;8;\images\Expo_2000_Ap_8\Test Sample\#0000\#0000_3;MRJ;23/09/2021 15:45:24;0;437;496;933
#0000_3;Test Sample;2_#0000_3_2021_09_23-15-45-17-572.PNG;24/06/2016;Station...;Location...;56.149375;10.212404;Name...;NaN;;146;687;4987;111;5098;2000;50;100;8;\images\Expo_2000_Ap_8\Test Sample\#0000\#0000_3;MRJ;23/09/2021 15:45:24;0;438;496;934
#0000_3;Test Sample;2_#0000_3_2021_09_23-15-45-17-591.PNG;24/06/2016;Station...;Location...;56.149375;10.212404;Name...;NaN;;141;708;5029;104;5133;2000;50;100;8;\images\Expo_2000_Ap_8\Test Sample\#0000\#0000_3;MRJ;23/09/2021 15:45:24;0;437;496;933
#0000_3;Test Sample;2_#0000_3_2021_09_23-15-45-17-612.PNG;24/06/2016;Station...;Location...;56.149375;10.212404;Name...;NaN;;144;700;5055;212;5267;2000;50;100;8;\images\Expo_2000_Ap_8\Test Sample\#0000\#0000_3;MRJ;23/09/2021 15:45:24;0;437;496;933
#0000_3;Test Sample;2_#0000_3_2021_09_23-15-45-17-636.PNG;24/06/2016;Station...;Location...;56.149375;10.212404;Name...;NaN;;144;661;5151;261;5412;2000;50;100;8;\images\Expo_2000_Ap_8\Test Sample\#0000\#0000_3;MRJ;23/09/2021 15:45:24;0;437;496;933
#0000_3;Test Sample;2_#0000_3_2021_09_23-15-45-17-661.PNG;24/06/2016;Station...;Location...;56.149375;10.212404;Name...;NaN;;145;773;5232;189;5421;2000;50;100;8;\images\Expo_2000_Ap_8\Test Sample\#0000\#0000_3;MRJ;23/09/2021 15:45:24;0;437;496;933
#0000_3;Test Sample;2_#0000_3_2021_09_23-15-45-17-682.PNG;24/06/2016;Station...;Location...;56.149375;10.212404;Name...;NaN;;143;682;4998;145;5143;2000;50;100;8;\images\Expo_2000_Ap_8\Test Sample\#0000\#0000_3;MRJ;23/09/2021 15:45:24;0;438;496;934
#0000_3;Test Sample;2_#0000_3_2021_09_23-15-45-17-702.PNG;24/06/2016;Station...;Location...;56.149375;10.212404;Name...;NaN;;145;743;5211;173;5384;2000;50;100;8;\images\Expo_2000_Ap_8\Test Sample\#0000\#0000_3;MRJ;23/09/2021 15:45:24;0;437;496;933
#0000_3;Test Sample;2_#0000_3_2021_09_23-15-45-17-724.PNG;24/06/2016;Station...;Location...;56.149375;10.212404;Name...;NaN;;141;632;5149;220;5369;2000;50;100;8;\images\Expo_2000_Ap_8\Test Sample\#0000\#0000_3;MRJ;23/09/2021 15:45:24;0;437;496;933
#0000_3;Test Sample;2_#0000_3_2021_09_23-15-45-17-749.PNG;24/06/2016;Station...;Location...;56.149375;10.212404;Name...;NaN;;148;804;5188;112;5300;2000;50;100;8;\images\Expo_2000_Ap_8\Test Sample\#0000\#0000_3;MRJ;23/09/2021 15:45:25;0;435;496;931
#0000_3;Test Sample;2_#0000_3_2021_09_23-15-45-17-780.PNG;24/06/2016;Station...;Location...;56.149375;10.212404;Name...;NaN;;144;690;5143;138;5281;2000;50;100;8;\images\Expo_2000_Ap_8\Test Sample\#0000\#0000_3;MRJ;23/09/2021 15:45:25;0;436;496;932
#0000_3;Test Sample;2_#0000_3_2021_09_23-15-45-17-813.PNG;24/06/2016;Station...;Location...;56.149375;10.212404;Name...;NaN;;145;740;5327;149;5476;2000;50;100;8;\images\Expo_2000_Ap_8\Test Sample\#0000\#0000_3;MRJ;23/09/2021 15:45:25;0;435;496;931
#0000_3;Test Sample;2_#0000_3_2021_09_23-15-45-17-834.PNG;24/06/2016;Station...;Location...;56.149375;10.212404;Name...;NaN;;145;788;5348;135;5483;2000;50;100;8;\images\Expo_2000_Ap_8\Test Sample\#0000\#0000_3;MRJ;23/09/2021 15:45:25;0;436;496;932
#0000_3;Test Sample;2_#0000_3_2021_09_23-15-45-17-859.PNG;24/06/2016;Station...;Location...;56.149375;10.212404;Name...;NaN;;139;689;5099;92;5191;2000;50;100;8;\images\Expo_2000_Ap_8\Test Sample\#0000\#0000_3;MRJ;23/09/2021 15:45:25;0;436;496;932
#0000_3;Test Sample;2_#0000_3_2021_09_23-15-45-17-884.PNG;24/06/2016;Station...;Location...;56.149375;10.212404;Name...;NaN;;149;693;5231;170;5401;2000;50;100;8;\images\Expo_2000_Ap_8\Test Sample\#0000\#0000_3;MRJ;23/09/2021 15:45:25;0;436;496;932
#0000_3;Test Sample;2_#0000_3_2021_09_23-15-45-17-911.PNG;24/06/2016;Station...;Location...;56.149375;10.212404;Name...;NaN;;140;639;5212;106;5318;2000;50;100;8;\images\Expo_2000_Ap_8\Test Sample\#0000\#0000_3;MRJ;23/09/2021 15:45:25;0;436;496;932
#0000_3;Test Sample;2_#0000_3_2021_09_23-15-45-17-931.PNG;24/06/2016;Station...;Location...;56.149375;10.212404;Name...;NaN;;145;666;5209;198;5407;2000;50;100;8;\images\Expo_2000_Ap_8\Test Sample\#0000\#0000_3;MRJ;23/09/2021 15:45:25;0;437;496;933
#0000_3;Test Sample;2_#0000_3_2021_09_23-15-45-17-956.PNG;24/06/2016;Station...;Location...;56.149375;10.212404;Name...;NaN;;145;660;4965;122;5087;2000;50;100;8;\images\Expo_2000_Ap_8\Test Sample\#0000\#0000_3;MRJ;23/09/2021 15:45:25;0;437;496;933
#0000_3;Test Sample;2_#0000_3_2021_09_23-15-45-17-981.PNG;24/06/2016;Station...;Location...;56.149375;10.212404;Name...;NaN;;146;789;5247;136;5383;2000;50;100;8;\images\Expo_2000_Ap_8\Test Sample\#0000\#0000_3;MRJ;23/09/2021 15:45:25;0;437;496;933
#0000_3;Test Sample;2_#0000_3_2021_09_23-15-45-18-004.PNG;24/06/2016;Station...;Location...;56.149375;10.212404;Name...;NaN;;141;672;5164;171;5335;2000;50;100;8;\images\Expo_2000_Ap_8\Test Sample\#0000\#0000_3;MRJ;23/09/2021 15:45:25;0;436;496;932
#0000_3;Test Sample;2_#0000_3_2021_09_23-15-45-18-031.PNG;24/06/2016;Station...;Location...;56.149375;10.212404;Name...;NaN;;145;736;5246;134;5380;2000;50;100;8;\images\Expo_2000_Ap_8\Test Sample\#0000\#0000_3;MRJ;23/09/2021 15:45:25;0;437;496;933
#0000_3;Test Sample;2_#0000_3_2021_09_23-15-45-18-052.PNG;24/06/2016;Station...;Location...;56.149375;10.212404;Name...;NaN;;146;722;5202;172;5374;2000;50;100;8;\images\Expo_2000_Ap_8\Test Sample\#0000\#0000_3;MRJ;23/09/2021 15:45:25;0;436;496;932
#0000_3;Test Sample;2_#0000_3_2021_09_23-15-45-18-074.PNG;24/06/2016;Station...;Location...;56.149375;10.212404;Name...;NaN;;141;652;5080;155;5235;2000;50;100;8;\images\Expo_2000_Ap_8\Test Sample\#0000\#0000_3;MRJ;23/09/2021 15:45:25;0;437;496;933
#0000_3;Test Sample;2_#0000_3_2021_09_23-15-45-18-097.PNG;24/06/2016;Station...;Location...;56.149375;10.212404;Name...;NaN;;157;794;5415;185;5600;2000;50;100;8;\images\Expo_2000_Ap_8\Test Sample\#0000\#0000_3;MRJ;23/09/2021 15:45:25;0;435;496;931
#0000_3;Test Sample;2_#0000_3_2021_09_23-15-45-18-118.PNG;24/06/2016;Station...;Location...;56.149375;10.212404;Name...;NaN;;144;667;5173;235;5408;2000;50;100;8;\images\Expo_2000_Ap_8\Test Sample\#0000\#0000_3;MRJ;23/09/2021 15:45:25;0;437;496;933
#0000_3;Test Sample;2_#0000_3_2021_09_23-15-45-18-143.PNG;24/06/2016;Station...;Location...;56.149375;10.212404;Name...;NaN;;141;653;5300;272;5572;2000;50;100;8;\images\Expo_2000_Ap_8\Test Sample\#0000\#0000_3;MRJ;23/09/2021 15:45:25;0;436;496;932
#0000_3;Test Sample;2_#0000_3_2021_09_23-15-45-18-163.PNG;24/06/2016;Station...;Location...;56.149375;10.212404;Name...;NaN;;145;732;5219;151;5370;2000;50;100;8;\images\Expo_2000_Ap_8\Test Sample\#0000\#0000_3;MRJ;23/09/2021 15:45:25;0;437;496;933
#0000_3;Test Sample;2_#0000_3_2021_09_23-15-45-18-189.PNG;24/06/2016;Station...;Location...;56.149375;10.212404;Name...;NaN;;145;692;5203;149;5352;2000;50;100;8;\images\Expo_2000_Ap_8\Test Sample\#0000\#0000_3;MRJ;23/09/2021 15:45:25;0;437;496;933
#0000_3;Test Sample;2_#0000_3_2021_09_23-15-45-18-217.PNG;24/06/2016;Station...;Location...;56.149375;10.212404;Name...;NaN;;142;677;5106;161;5267;2000;50;100;8;\images\Expo_2000_Ap_8\Test Sample\#0000\#0000_3;MRJ;23/09/2021 15:45:26;0;437;496;933
#0000_3;Test Sample;2_#0000_3_2021_09_23-15-45-18-243.PNG;24/06/2016;Station...;Location...;56.149375;10.212404;Name...;NaN;;145;767;5329;124;5453;2000;50;100;8;\images\Expo_2000_Ap_8\Test Sample\#0000\#0000_3;MRJ;23/09/2021 15:45:26;0;436;496;932
#0000_3;Test Sample;2_#0000_3_2021_09_23-15-45-18-272.PNG;24/06/2016;Station...;Location...;56.149375;10.212404;Name...;NaN;;152;765;5283;160;5443;2000;50;100;8;\images\Expo_2000_Ap_8\Test Sample\#0000\#0000_3;MRJ;23/09/2021 15:45:26;0;435;496;931
#0000_3;Test Sample;2_#0000_3_2021_09_23-15-45-18-295.PNG;24/06/2016;Station...;Location...;56.149375;10.212404;Name...;NaN;;154;852;5432;191;5623;2000;50;100;8;\images\Expo_2000_Ap_8\Test Sample\#0000\#0000_3;MRJ;23/09/2021 15:45:26;0;434;496;930
#0000_3;Test Sample;2_#0000_3_2021_09_23-15-45-18-315.PNG;24/06/2016;Station...;Location...;56.149375;10.212404;Name...;NaN;;145;757;5245;155;5400;2000;50;100;8;\images\Expo_2000_Ap_8\Test Sample\#0000\#0000_3;MRJ;23/09/2021 15:45:26;0;436;496;932
#0000_3;Test Sample;2_#0000_3_2021_09_23-15-45-18-339.PNG;24/06/2016;Station...;Location...;56.149375;10.212404;Name...;NaN;;148;858;5339;130;5469;2000;50;100;8;\images\Expo_2000_Ap_8\Test Sample\#0000\#0000_3;MRJ;23/09/2021 15:45:26;0;435;496;931
#0000_3;Test Sample;2_#0000_3_2021_09_23-15-45-18-362.PNG;24/06/2016;Station...;Location...;56.149375;10.212404;Name...;NaN;;144;791;5252;116;5368;2000;50;100;8;\images\Expo_2000_Ap_8\Test Sample\#0000\#0000_3;MRJ;23/09/2021 15:45:26;0;435;496;931
#0000_3;Test Sample;2_#0000_3_2021_09_23-15-45-18-385.PNG;24/06/2016;Station...;Location...;56.149375;10.212404;Name...;NaN;;145;808;5243;115;5358;2000;50;100;8;\images\Expo_2000_Ap_8\Test Sample\#0000\#0000_3;MRJ;23/09/2021 15:45:26;0;437;496;933
#0000_3;Test Sample;2_#0000_3_2021_09_23-15-45-18-411.PNG;24/06/2016;Station...;Location...;56.149375;10.212404;Name...;NaN;;152;747;5298;192;5490;2000;50;100;8;\images\Expo_2000_Ap_8\Test Sample\#0000\#0000_3;MRJ;23/09/2021 15:45:26;0;436;496;932
#0000_3;Test Sample;2_#0000_3_2021_09_23-15-45-18-433.PNG;24/06/2016;Station...;Location...;56.149375;10.212404;Name...;NaN;;145;723;5172;143;5315;2000;50;100;8;\images\Expo_2000_Ap_8\Test Sample\#0000\#0000_3;MRJ;23/09/2021 15:45:26;0;437;496;933
#0000_3;Test Sample;2_#0000_3_2021_09_23-15-45-18-460.PNG;24/06/2016;Station...;Location...;56.149375;10.212404;Name...;NaN;;145;737;5171;111;5282;2000;50;100;8;\images\Expo_2000_Ap_8\Test Sample\#0000\#0000_3;MRJ;23/09/2021 15:45:26;0;437;496;933
#0000_3;Test Sample;2_#0000_3_2021_09_23-15-45-18-481.PNG;24/06/2016;Station...;Location...;56.149375;10.212404;Name...;NaN;;145;703;4999;71;5070;2000;50;100;8;\images\Expo_2000_Ap_8\Test Sample\#0000\#0000_3;MRJ;23/09/2021 15:45:26;0;437;496;933
#0000_3;Test Sample;2_#0000_3_2021_09_23-15-45-18-500.PNG;24/06/2016;Station...;Location...;56.149375;10.212404;Name...;NaN;;143;637;5019;194;5213;2000;50;100;8;\images\Expo_2000_Ap_8\Test Sample\#0000\#0000_3;MRJ;23/09/2021 15:45:26;0;437;496;933
#0000_3;Test Sample;2_#0000_3_2021_09_23-15-45-18-522.PNG;24/06/2016;Station...;Location...;56.149375;10.212404;Name...;NaN;;142;612;5027;211;5238;2000;50;100;8;\images\Expo_2000_Ap_8\Test Sample\#0000\#0000_3;MRJ;23/09/2021 15:45:26;0;437;496;933
#0000_3;Test Sample;2_#0000_3_2021_09_23-15-45-18-544.PNG;24/06/2016;Station...;Location...;56.149375;10.212404;Name...;NaN;;138;504;4175;143;4318;2000;50;100;8;\images\Expo_2000_Ap_8\Test Sample\#0000\#0000_3;MRJ;23/09/2021 15:45:26;0;441;496;937
#0000_3;Test Sample;2_#0000_3_2021_09_23-15-45-18-569.PNG;24/06/2016;Station...;Location...;56.149375;10.212404;Name...;NaN;;206;695;3816;29;3845;2000;50;100;8;\images\Expo_2000_Ap_8\Test Sample\#0000\#0000_3;MRJ;23/09/2021 15:45:26;0;431;496;927
#0000_3;Test Sample;2_#0000_3_2021_09_23-15-45-18-594.PNG;24/06/2016;Station...;Location...;56.149375;10.212404;Name...;NaN;;157;815;4684;121;4805;2000;50;100;8;\images\Expo_2000_Ap_8\Test Sample\#0000\#0000_3;MRJ;23/09/2021 15:45:26;0;431;496;927
#0000_3;Test Sample;2_#0000_3_2021_09_23-15-45-20-658.PNG;24/06/2016;Station...;Location...;56.149375;10.212404;Name...;NaN;;628;2816;13751;1875;15626;2000;50;100;8;\images\Expo_2000_Ap_8\Test Sample\#0000\#0000_3;MRJ;23/09/2021 15:45:26;0;76;496;744
#0000_3;Test Sample;2_#0000_3_2021_09_23-15-45-20-685.PNG;24/06/2016;Station...;Location...;56.149375;10.212404;Name...;NaN;;620;2919;13322;2564;15886;2000;50;100;8;\images\Expo_2000_Ap_8\Test Sample\#0000\#0000_3;MRJ;23/09/2021 15:45:26;0;84;496;744
#0000_3;Test Sample;2_#0000_3_2021_09_23-15-45-20-718.PNG;24/06/2016;Station...;Location...;56.149375;10.212404;Name...;NaN;;465;1872;9140;1346;10486;2000;50;100;8;\images\Expo_2000_Ap_8\Test Sample\#0000\#0000_3;MRJ;23/09/2021 15:45:27;0;234;496;750
#0000_3;Test Sample;2_#0000_3_2021_09_23-15-45-20-750.PNG;24/06/2016;Station...;Location...;56.149375;10.212404;Name...;NaN;;548;2434;9139;1206;10345;2000;50;100;8;\images\Expo_2000_Ap_8\Test Sample\#0000\#0000_3;MRJ;23/09/2021 15:45:27;0;157;496;745
#0000_3;Test Sample;2_#0000_3_2021_09_23-15-45-20-784.PNG;24/06/2016;Station...;Location...;56.149375;10.212404;Name...;NaN;;201;903;3959;518;4477;2000;50;100;8;\images\Expo_2000_Ap_8\Test Sample\#0000\#0000_3;MRJ;23/09/2021 15:45:27;0;364;496;860
#0000_3;Test Sample;2_#0000_3_2021_09_23-15-45-20-833.PNG;24/06/2016;Station...;Location...;56.149375;10.212404;Name...;NaN;;213;993;3470;378;3848;2000;50;100;8;\images\Expo_2000_Ap_8\Test Sample\#0000\#0000_3;MRJ;23/09/2021 15:45:27;0;370;496;866
#0000_3;Test Sample;2_#0000_3_2021_09_23-15-45-20-875.PNG;24/06/2016;Station...;Location...;56.149375;10.212404;Name...;NaN;;163;781;2594;265;2859;2000;50;100;8;\images\Expo_2000_Ap_8\Test Sample\#0000\#0000_3;MRJ;23/09/2021 15:45:27;0;383;496;879
#0000_3;Test Sample;2_#0000_3_2021_09_23-15-45-20-902.PNG;24/06/2016;Station...;Location...;56.149375;10.212404;Name...;NaN;;208;817;2752;367;3119;2000;50;100;8;\images\Expo_2000_Ap_8\Test Sample\#0000\#0000_3;MRJ;23/09/2021 15:45:27;0;367;496;863
#0000_3;Test Sample;2_#0000_3_2021_09_23-15-45-20-932.PNG;24/06/2016;Station...;Location...;56.149375;10.212404;Name...;NaN;;194;811;2283;289;2572;2000;50;100;8;\images\Expo_2000_Ap_8\Test Sample\#0000\#0000_3;MRJ;23/09/2021 15:45:27;0;368;496;864
#0000_3;Test Sample;2_#0000_3_2021_09_23-15-45-20-961.PNG;24/06/2016;Station...;Location...;56.149375;10.212404;Name...;NaN;;127;475;1478;312;1790;2000;50;100;8;\images\Expo_2000_Ap_8\Test Sample\#0000\#0000_3;MRJ;23/09/2021 15:45:27;0;385;496;881
#0000_3;Test Sample;2_#0000_3_2021_09_23-15-45-20-986.PNG;24/06/2016;Station...;Location...;56.149375;10.212404;Name...;NaN;;57;180;530;102;632;2000;50;100;8;\images\Expo_2000_Ap_8\Test Sample\#0000\#0000_3;MRJ;23/09/2021 15:45:27;0;392;496;888
